repeat,method,frame,point_id,status,left_x,left_y,right_x,right_y,disparity,X_m,Y_m,Z_m,distance_m,match_cost,flow_fb_error_px,lr_error_px,confidence,raw_disparity,integer_disparity,measured_disparity,estimated_disparity,measured_right_x,measured_right_y,estimated_right_x,estimated_right_y,measured_X_m,measured_Y_m,measured_Z_m,estimated_X_m,estimated_Y_m,estimated_Z_m,delta_X_mm,delta_Y_mm,delta_Z_mm,subpixel_offset,neighbor_disparity,used_search_radius,quality_stage,recovery_stage,recovery_attempt_count,recovery_success_count,mean_recovery_frames,flow_ms,matching_ms,total_ms,frame_total_ms,temporal_right_x,temporal_right_y,right_flow_fb_error_px,cycle_error_px,cycle_cost,cycle_status,texture_std,second_best_cost,uniqueness_margin_value,cost_curvature,icgn_status,icgn_converged,icgn_iterations,icgn_residual,icgn_hessian,icgn_cost_curvature,icgn_hessian_density,zncc_cost_curvature,curvature_sample_step_px,icgn_termination_reason,icgn_fallback_used,icgn_fallback_method,icgn_iterative_disparity,icgn_final_increment_px,subpixel_final_status,left_variance_px2,disparity_variance_px2,measurement_quality_score,kalman_innovation_u,kalman_innovation_v,kalman_innovation_d,kalman_innovation_norm,kalman_gain_disparity,kalman_nis,kalman_update_status,kalman_predict_only_frames,measurement_accepted_for_state,state_update_source,right_flow_reference_frame,right_reference_source,right_reference_age_frames,point_role,compensation_status,compensation_applied,compensation_inlier_count,compensation_reference_count,compensation_rmse_mm,camera_tx_mm,camera_ty_mm,camera_tz_mm,camera_rotation_angle_deg,camera_rx_deg,camera_ry_deg,camera_rz_deg,compensated_X_m,compensated_Y_m,compensated_Z_m,final_X_m,final_Y_m,final_Z_m,raw_delta_X_mm,raw_delta_Y_mm,raw_delta_Z_mm,compensated_delta_X_mm,compensated_delta_Y_mm,compensated_delta_Z_mm,neighbor_disparity_mad,predicted_disparity,previous_disparity,disparity_velocity,prediction_residual_px,adaptive_search_radius,search_radius_reason,confidence_texture,confidence_photo,confidence_margin,confidence_flow,confidence_lr,confidence_cycle,confidence_icgn,confidence_curvature,confidence_temporal,confidence_neighbor,confidence_total,confidence_state,frame_timestamp_s,timestamp_left_s,timestamp_right_s,sync_error_ms,timestamp_source,timestamp_gt_s,X_gt,Y_gt,Z_gt,gt_valid,gt_source,shadow_input_x_m,shadow_input_y_m,shadow_input_z_m,shadow_input_stage,candidate_corrected_x_m,candidate_corrected_y_m,candidate_corrected_z_m,c_phy,c_phy_valid,c_phy_valid_terms,c_phy_missing_terms,transient_protected,fault_class,fault_confidence,recommended_recovery,r_2d3d,r_temporal,r_spatial,r_frequency,r_phase,r_coherence,r_lr,r_epi,r_fb,r_ref,r_calib,accuracy_policy_enabled,precision_policy_warmup,target_metric,target_x_mm,target_y_mm,target_z_mm,required_sigma_d_px,estimated_sigma_d_px,estimated_sigma_x_mm,estimated_sigma_y_mm,estimated_sigma_z_mm,precision_ratio,precision_feasible,precision_status,limiting_axis,policy_base_search_radius_px,policy_final_search_radius_px,policy_refinement_level,policy_retry_budget,policy_precision_retry_count,policy_acceptance_reason,policy_reason,retry_triggered,retry_candidate_accepted,retry_sigma_before_px,retry_sigma_after_px,retry_match_cost_before,retry_match_cost_after,retry_lr_error_before_px,retry_lr_error_after_px
0,research_full,250,P1,valid,140.0,320.0,118.8125,320.0,21.1875,-0.965336786242801,0.2539593605131175,2.9245393319354673,3.0901942935199656,,,0.03515625,1.0,21.1875,,21.1875,21.1875,118.8125,320.0,118.8125,320.0,-0.965336786242801,0.2539593605131175,2.9245393319354673,-0.965336786242801,0.2539593605131175,2.9245393319354673,0.0,0.0,0.0,,,0,,,0,0,,0.0,82.19989999997779,82.19989999997779,86.41910000005737,,,,,,not_used,,,,,not_attempted,False,0,,,,,,,,False,none,,,not_attempted,0.01,0.0103515625,0.9660377358490566,,,,,,,initialized,0,True,measured,250,measured,0,measurement,insufficient_references,False,0,0,,,,,,,,,,,,-0.965336786242801,0.2539593605131175,2.9245393319354673,0.0,0.0,0.0,,,,,,,,,,,,,,,0.98828125,,,,1.0,,0.9660377358490566,HIGH,,,,,,,,,,,,-0.965336786242801,0.2539593605131175,2.9245393319354673,estimated,-0.965336786242801,0.2539593605131175,2.9245393319354673,,False,,flow_3d;temporal;spatial;spectral;phase;coherence,False,NORMAL,0.05,NONE,,,,,,,0.03515625,0.0,,,,False,,,,,,,,,,,,,,,,,,,,,,,,,,,,,
0,research_full,250,P2,valid,239.0,350.0,227.9375,350.0,11.0625,-0.7717636316679122,0.812791207562256,5.601236347605218,5.712276015038978,,,0.00390625,1.0,11.0625,,11.0625,11.0625,227.9375,350.0,227.9375,350.0,-0.7717636316679122,0.812791207562256,5.601236347605218,-0.7717636316679122,0.812791207562256,5.601236347605218,0.0,0.0,0.0,,,0,,,0,0,,0.0,82.19989999997779,82.19989999997779,86.41910000005737,,,,,,not_used,,,,,not_attempted,False,0,,,,,,,,False,none,,,not_attempted,0.01,0.0100390625,0.9961089494163424,,,,,,,initialized,0,True,measured,250,measured,0,measurement,insufficient_references,False,0,0,,,,,,,,,,,,-0.7717636316679122,0.812791207562256,5.601236347605218,0.0,0.0,0.0,,,,,,,,,,,,,,,0.9986979166666666,,,,1.0,,0.9961089494163424,HIGH,,,,,,,,,,,,-0.7717636316679122,0.812791207562256,5.601236347605218,estimated,-0.7717636316679122,0.812791207562256,5.601236347605218,,False,,flow_3d;temporal;spatial;spectral;phase;coherence,False,NORMAL,0.05,NONE,,,,,,,0.00390625,0.0,,,,False,,,,,,,,,,,,,,,,,,,,,,,,,,,,,
0,research_full,250,P3,valid,348.0,353.0,343.0625,353.0,4.9375,0.9278749168868291,1.8941927315313487,12.54960548767245,12.725624380037013,,,0.0625,1.0,4.9375,,4.9375,4.9375,343.0625,353.0,343.0625,353.0,0.9278749168868291,1.8941927315313487,12.54960548767245,0.9278749168868291,1.8941927315313487,12.54960548767245,0.0,0.0,0.0,,,0,,,0,0,,0.0,82.19989999997779,82.19989999997779,86.41910000005737,,,,,,not_used,,,,,not_attempted,False,0,,,,,,,,False,none,,,not_attempted,0.01,0.010625,0.9411764705882353,,,,,,,initialized,0,True,measured,250,measured,0,measurement,insufficient_references,False,0,0,,,,,,,,,,,,0.9278749168868291,1.8941927315313487,12.54960548767245,0.0,0.0,0.0,,,,,,,,,,,,,,,0.9791666666666666,,,,1.0,,0.9411764705882353,HIGH,,,,,,,,,,,,0.9278749168868291,1.8941927315313487,12.54960548767245,estimated,0.9278749168868291,1.8941927315313487,12.54960548767245,,False,,flow_3d;temporal;spatial;spectral;phase;coherence,False,NORMAL,0.05,NONE,,,,,,,0.0625,0.0,,,,False,,,,,,,,,,,,,,,,,,,,,,,,,,,,,
0,research_full,251,P1,valid,139.99875653991455,320.00288118800285,119.21828100021519,320.0028991699219,20.78359817688634,-0.9841040345739606,0.2589114107664386,2.981373897244279,3.1502517652815234,0.08443881762349849,9.650505671743304e-05,0.21953222091832814,0.7701795605043262,20.780467779081686,21.0,20.780467779081686,20.78359817688634,119.21828100021519,320.0028991699219,119.21515836302821,320.00288118800285,-0.9842523262868446,0.25895051768104627,2.9818230154451784,-0.9841040345739606,0.2589114107664386,2.981373897244279,-18.767248331159614,4.952050253321072,56.83456530881159,-0.21953222091831393,,4,context_recovery,,0,0,,4.572099995129975,32.034900003054645,36.72949999963748,79.39080000141985,118.81617736816406,320.0015563964844,0.0001931608421728015,0.4021058740545943,0.2680705827030629,cycle_valid,85.57664894376529,0.2837514659352789,0.19931264831178042,0.05872741566073646,icgn_high_residual,False,4,0.4976032744287882,27.389648840342815,0.05872741566073646,0.17968664300914775,0.05872741566073646,0.1,icgn_high_residual,True,line_search,20.7853525741837,-0.0006016489992446823,line_search_refined,0.012544706280992446,0.015578289641894814,0.6100757251345075,-0.001251220703125,0.002899169921875,-0.4070322209183139,0.40704446883010087,0.9923092137580873,0.08179649999577544,updated,0,True,filtered,251,measured,0,measurement,insufficient_references,False,0,0,,,,,,,,,,,,-0.9841040345739606,0.2589114107664386,2.981373897244279,-18.767248331159614,4.952050253321072,56.83456530881159,,,,,,,,,,,0.9610485643633492,0.9718537274588338,0.8327585649196195,0.9999517223501849,0.9268225930272239,0.9106431390989791,0.5260921195916302,0.4324059222033997,0.9503936349634367,,0.6100757251345075,HIGH,,,,,,,,,,,,-0.9841040345739606,0.2589114107664386,2.981373897244279,estimated,-0.9841040345739606,0.2589114107664386,2.981373897244279,0.28899314610984245,True,spatial,flow_3d;temporal;spectral;phase;coherence,False,OCCLUSION,0.65,KALMAN_PREDICT,,,18.620284605507436,,,,0.21953222091832814,1.7981919029352866e-05,9.650505671743304e-05,,,False,,,,,,,,,,,,,,,,,,,,,,False,,,,,,,
0,research_full,251,P2,valid,238.98903111611017,349.99441694429953,227.9268665469875,349.994384765625,11.062104107347809,-0.7719105953935643,0.8127595510960689,5.601436805699961,5.712487929390216,0.028843648431087963,0.00022217132209334522,0.062101348520315014,0.7905628844765593,11.06210134852031,11.0,11.06210134852031,11.062104107347809,227.9268665469875,349.994384765625,227.92692700876236,349.99441694429953,-0.7719114757571194,0.8127594036831901,5.601438202667626,-0.7719105953935643,0.8127595510960689,5.601436805699961,-0.14696372565214944,-0.03165646618707996,0.2004580947430057,0.062101348520309685,,4,primary_icgn_fallback_line_search,,0,0,,4.047400001581991,15.683700003137346,19.824499999231193,79.39080000141985,227.92950439453125,350.021240234375,0.0004892339929938316,0.026984707547911425,0.01798980503194095,cycle_valid,54.29607404641738,0.2950463993599174,0.26620275092882945,0.37515341526032636,icgn_high_residual,False,5,0.7122808996161092,57.61035957952401,0.37515341526032636,0.5928597369595222,0.37515341526032636,0.1,icgn_high_residual,True,line_search,11.077444927928996,-0.0006688731384148107,line_search_refined,0.01158489888645222,0.014006936584356023,0.7138964068156215,-0.0110321044921875,-0.005615234375,-0.0003986514796903151,0.012385358679302934,0.9930796005037444,7.587953368839472e-05,updated,0,True,filtered,251,measured,0,measurement,insufficient_references,False,0,0,,,,,,,,,,,,-0.7719105953935643,0.8127595510960689,5.601436805699961,-0.14696372565214944,-0.03165646618707996,0.2004580947430057,,,,,,,,,,,0.9386082070964525,0.9903854505229707,0.8747821605260377,0.9998814324474855,0.9792995504932284,0.9940033983226864,0.32163723846084835,0.9111474613387095,0.999950169806604,,0.7138964068156215,HIGH,,,,,,,,,,,,-0.7719105953935643,0.8127595510960689,5.601436805699961,estimated,-0.7719105953935643,0.8127595510960689,5.601436805699961,0.02259113850045999,True,spatial,flow_3d;temporal;spectral;phase;coherence,False,OCCLUSION,0.65,KALMAN_PREDICT,,,56.8529632701817,,,,0.062101348520315014,3.217867453031431e-05,0.00022217132209334522,,,False,,,,,,,,,,,,,,,,,,,,,,False,,,,,,,
0,research_full,251,P3,valid,347.9975434306212,353.0015467288681,343.38132985445026,353.0015563964844,4.6185426774218765,0.9918900948660955,2.025046302763019,13.41628332207413,13.604459440447904,0.0761789141016367,0.00017794652376323938,0.38380177827838224,0.7657721749021988,4.616198221721625,5.0,4.616198221721625,4.6185426774218765,343.38132985445026,353.0015563964844,343.3790007531993,353.0015467288681,0.9923934515776445,2.02607502698461,13.42309712867425,0.9918900948660955,2.025046302763019,13.41628332207413,64.01517797926637,130.85357123167006,866.6778344016813,-0.38380177827837514,,4,primary_icgn_fallback_line_search,,0,0,,4.766299996845191,13.727100002142834,18.72179999918444,79.39080000141985,343.0682067871094,353.0003662109375,0.00041508395224809647,0.31312532928940556,0.20875021952627038,cycle_valid,61.17319531582894,0.31722269494077965,0.24104378083914296,0.21221859471509116,icgn_high_residual,False,4,0.5284061983109722,36.162714834714464,0.21221859471509116,0.4099431047447415,0.21221859471509116,0.1,icgn_high_residual,True,line_search,4.583012720540312,0.00024384459905492546,line_search_refined,0.01256322879234869,0.01477425230252075,0.6502075978864503,-0.002471923828125,0.001556396484375,-0.32130177827837514,0.32131505645125746,0.9927032594938819,0.05099006702239601,updated,0,True,filtered,251,measured,0,measurement,insufficient_references,False,0,0,,,,,,,,,,,,0.9918900948660955,2.025046302763019,13.41628332207413,64.01517797926637,130.85357123167006,866.6778344016813,,,,,,,,,,,0.945509903216208,0.9746070286327878,0.861712535302548,0.9999011615873314,0.8720660739072059,0.9304165934912432,0.4967560016085978,0.8429292523678984,0.9606331100190374,,0.6502075978864503,HIGH,,,,,,,,,,,,0.9918900948660955,2.025046302763019,13.41628332207413,estimated,0.9918900948660955,2.025046302763019,13.41628332207413,1.5789609160243312e-24,True,spatial,flow_3d;temporal;spectral;phase;coherence,False,OCCLUSION,0.65,KALMAN_PREDICT,,,822.0791287387417,,,,0.38380177827838224,9.667616268416168e-06,0.00017794652376323938,,,False,,,,,,,,,,,,,,,,,,,,,,False,,,,,,,
0,research_full,252,P1,valid,140.00632998371177,320.01527513136404,119.1181127556457,320.0155029296875,20.880347464059476,-0.9795005245865932,0.2577831831475737,2.967559673134672,3.1356472793977113,0.12626042275127497,0.0008871119352988899,0.11161251150508988,0.757550350547822,20.888387488494924,21.0,20.888387488494924,20.880347464059476,119.1181127556457,320.0155029296875,119.1259825196523,320.01527513136404,-0.979122529858453,0.25768527392641877,2.966417447469872,-0.9795005245865932,0.2577831831475737,2.967559673134672,-14.163738343792254,3.8238226344561865,43.02034119920472,-0.11161251150507567,,4,primary_icgn_fallback_line_search,,0,0,,4.523799998423783,15.496199997869553,20.20519999859971,61.5682999996352,119.21709442138672,319.9914855957031,0.0018813690403476357,0.10185382901287683,0.06790255267525122,cycle_valid,92.69306170513875,0.3346847317557395,0.20842430900446451,0.08490595695062607,icgn_high_residual,False,4,0.49179541674845784,27.494416478328112,0.08490595695062607,0.17670741045880933,0.08490595695062607,0.1,icgn_high_residual,True,line_search,20.783991771428397,-0.00035561351911315146,line_search_refined,0.011284321239691092,0.014844803090296574,0.66487022037288,0.008362341084506397,0.01118831481755933,0.3057354922621478,0.306054404257884,0.9737026788222681,0.16594000448248925,updated,0,True,filtered,252,measured,0,measurement,insufficient_references,False,0,0,,,,,,,,,,,,-0.9795005245865932,0.2577831831475737,2.967559673134672,-14.163738343792254,3.8238226344561865,43.02034119920472,,,,,,,,,,,0.9640390200516105,0.9579131924162416,0.8400698388179887,0.9995385865040589,0.9627958294983033,0.9773658157749162,0.5316234126205164,0.6074087787183517,0.9869867502037494,,0.66487022037288,HIGH,,,,,,,,,,,,-0.9795005245865932,0.2577831831475737,2.967559673134672,estimated,-0.9795005245865932,0.2577831831475737,2.967559673134672,0.13805171261059948,True,temporal;spatial,flow_3d;spectral;phase;coherence,False,OCCLUSION,0.65,KALMAN_PREDICT,,74.66199548414139,19.683845807531075,,,,0.11161251150508988,0.00022779832346486728,0.0008871119352988899,,,False,,,,,,,,,,,,,,,,,,,,,,False,,,,,,,
0,research_full,252,P2,valid,238.9855979124982,350.0013772969682,227.9351335984516,350.0015869140625,11.050793695146796,-0.7727380328292371,0.813667212542296,5.607169838180534,5.718350460958882,0.026701327914634507,0.0007338509894907475,0.05050788104057524,0.7917208984075499,11.050507881040575,11.0,11.050507881040575,11.050793695146796,227.9351335984516,350.0015869140625,227.9348042173514,350.0013772969682,-0.7727575446741245,0.8136905405789455,5.607314863934371,-0.7727380328292371,0.813667212542296,5.607169838180534,-0.974401161324967,0.8760049800400349,5.933490575316114,0.05050788104057524,,4,primary_icgn_fallback_line_search,,0,0,,4.386499997053761,16.299299997626804,20.79809999850113,61.5682999996352,227.92816162109375,349.96923828125,0.0005208144430071115,0.03309142658025671,0.022060951053504474,cycle_valid,53.232066393875634,0.28351397635632575,0.2568126484416912,0.40991818852213474,icgn_high_residual,False,5,0.7145308971933754,57.66844272047173,0.40991818852213474,0.5709004602944543,0.40991818852213474,0.1,icgn_high_residual,True,line_search,11.043884963945649,-0.0005572510110792151,line_search_refined,0.011641492584350068,0.014046612394005132,0.7108842287101668,0.002067519546102403,0.009947609414950875,-0.011399264788730434,0.015269996983284715,0.9749269701583126,0.00041880151759488026,updated,0,True,filtered,252,measured,0,measurement,insufficient_references,False,0,0,,,,,,,,,,,,-0.7727380328292371,0.813667212542296,5.607169838180534,-0.974401161324967,0.8760049800400349,5.933490575316114,,,,,,,,,,,0.937381102047227,0.9910995573617885,0.8702036930984667,0.9997908890945837,0.9831640396531416,0.9926463496488318,0.31949438362535665,0.9186829609744595,0.9985515217703007,,0.7108842287101668,HIGH,,,,,,,,,,,,-0.7727380328292371,0.813667212542296,5.607169838180534,estimated,-0.7727380328292371,0.813667212542296,5.607169838180534,0.7176564231544609,True,temporal;spatial,flow_3d;spectral;phase;coherence,False,NORMAL,0.05,NONE,,5.652852549407788,4.32926630447821,,,,0.05050788104057524,0.00020961709429911934,0.0007338509894907475,,,False,,,,,,,,,,,,,,,,,,,,,,False,,,,,,,
0,research_full,252,P3,valid,348.006828902285,352.9951158072458,343.39977377160847,352.9949645996094,4.603417212467985,0.9953919237349009,2.0315318661827098,13.460365253785621,13.649152338898988,0.12937789238567401,0.0002516543900128454,0.3927242110616067,0.7701872195409349,4.607275788938393,5.0,4.607275788938393,4.603417212467985,343.39977377160847,352.9949645996094,343.403411689817,352.9951158072458,0.99456405102826,2.0298265156761977,13.449092247560108,0.9953919237349009,2.0315318661827098,13.460365253785621,67.51700684807183,137.33913465136106,910.7597661131716,-0.3927242110616067,,4,primary_icgn_fallback_line_search,,0,0,,3.973400001996197,13.01429999875836,17.11570000043139,61.5682999996352,343.38372802734375,353.00494384765625,0.0003479539300315082,0.01889580113648839,0.012597200757658926,cycle_valid,60.422533793172086,0.3362476347916498,0.2068697424059758,0.18968566085212354,icgn_high_residual,False,4,0.5252875191463616,34.61474772785569,0.18968566085212354,0.389583788595245,0.18968566085212354,0.1,icgn_high_residual,True,line_search,4.579133125126794,0.000630405107968533,line_search_refined,0.01140259060122953,0.014725769211742042,0.678125954478719,0.010728303745963785,-0.007351646108531895,0.14741834663001097,0.14799091906227496,0.973825669880203,0.03893295937504544,updated,0,True,filtered,252,measured,0,measurement,insufficient_references,False,0,0,,,,,,,,,,,,0.9953919237349009,2.0315318661827098,13.460365253785621,67.51700684807183,137.33913465136106,910.7597661131716,,,,,,,,,,,0.9448329435381936,0.956874035871442,0.8388680096680469,0.9999000652799926,0.8690919296461311,0.9958009330807803,0.49972617224156035,0.824270674000395,0.9985926302145905,,0.678125954478719,HIGH,,,,,,,,,,,,0.9953919237349009,2.0315318661827098,13.460365253785621,estimated,0.9953919237349009,2.0315318661827098,13.460365253785621,0.037754797954524466,True,temporal;spatial,flow_3d;spectral;phase;coherence,False,OCCLUSION,0.65,KALMAN_PREDICT,,834.1422456094477,38.75243299005515,,,,0.3927242110616067,0.00015120763640652513,0.0002516543900128454,,,False,,,,,,,,,,,,,,,,,,,,,,False,,,,,,,
0,research_full,253,P1,valid,140.0008702816957,320.0090298427878,119.21907751761762,320.0063171386719,20.805663733554095,-0.98304811012614,0.2586723900398351,2.9782119853956646,3.1469098528788337,0.07583999001849223,0.000540772860404104,0.2200998564848078,0.7638265397188232,20.7799001435152,21.0,20.7799001435152,20.805663733554095,119.21907751761762,320.0063171386719,119.19520654814161,320.0090298427878,-0.9842778869908136,0.2589773883235456,2.9819044686179486,-0.98304811012614,0.2586723900398351,2.9782119853956646,-17.71132388333907,4.713029526717594,53.672653460197225,-0.22009985648480068,,4,context_recovery,,0,0,,4.873300000326708,30.94549999877927,35.961699999461416,71.59989999854588,119.12635803222656,320.01025390625,0.0004640779516194016,0.09280302317353005,0.0618686821156867,cycle_valid,84.7445835699512,0.27355064543588736,0.19771065541739513,0.06415732592759958,icgn_high_residual,False,4,0.4949187026028032,28.14659280979523,0.06415732592759958,0.17762034551790837,0.06415732592759958,0.1,icgn_high_residual,True,line_search,20.777259391861385,-0.0005121516335565624,line_search_refined,0.011320249481634594,0.015165244431619667,0.6511748531390525,-0.01449319686025774,-0.020773183778658222,-0.17924278833935503,0.18102363130596769,0.8562642866829476,0.3119090050911699,updated,0,True,filtered,253,measured,0,measurement,insufficient_references,False,0,0,,,,,,,,,,,,-0.98304811012614,0.2586723900398351,2.9782119853956646,-17.71132388333907,4.713029526717594,53.672653460197225,,,,,,,,,,,0.9606661193799851,0.9747200033271692,0.8314034554032409,0.9998325248646628,0.9266333811717308,0.9793771059614378,0.5286488546639969,0.48044384875159196,0.9875225815577771,,0.6511748531390525,HIGH,,,,,,,,,,,,-0.98304811012614,0.2586723900398351,2.9782119853956646,estimated,-0.98304811012614,0.2586723900398351,2.9782119853956646,0.4772295063455812,True,temporal;spatial,flow_3d;spectral;phase;coherence,True,NORMAL,0.05,NONE,,25.867388779492362,3.8002622765396836,,,,0.2200998564848078,0.0027127041159360488,0.000540772860404104,,,False,,,,,,,,,,,,,,,,,,,,,,False,,,,,,,
0,research_full,253,P2,valid,238.9775975970057,349.99215102082024,227.91874357511028,349.98974609375,11.055654861911831,-0.7724853560922442,0.8132090010799309,5.604704367975129,5.71583358375783,0.023538355335154193,0.0003774815995711833,0.05816987703816601,0.7930074032633758,11.058169877038166,11.0,11.058169877038166,11.055654861911831,227.91874357511028,349.98974609375,227.9219427350939,349.99215102082024,-0.7723171121515962,0.8129978734630384,5.603429661905244,-0.7724853560922442,0.8132090010799309,5.604704367975129,-0.7217244243320486,0.4177935176749026,3.468020369911784,0.05816987703816601,,4,primary_icgn_fallback_line_search,,0,0,,4.2937000034726225,12.175699997897027,16.58060000045225,71.59989999854588,227.92034912109375,350.0206298828125,0.0002946961612906307,0.030925494414188737,0.020616996276125826,cycle_valid,52.91535794919662,0.2913682583789476,0.2678299030437934,0.3368108344959541,icgn_high_residual,False,3,0.7135698544354442,57.47242976250406,0.3368108344959541,0.6220842279766439,0.3368108344959541,0.1,icgn_high_residual,True,line_search,11.079105416176217,-0.0007482391980618161,line_search_refined,0.011638911280617252,0.013979103213209082,0.7146942024520482,-0.00514927995789094,-0.01810090747784443,0.01805927102806315,0.026082469316981143,0.8607355123898842,0.0072919247747950805,updated,0,True,filtered,253,measured,0,measurement,insufficient_references,False,0,0,,,,,,,,,,,,-0.7724853560922442,0.8132090010799309,5.604704367975129,-0.7217244243320486,0.4177935176749026,3.468020369911784,,,,,,,,,,,0.9370063160768255,0.9921538815549487,0.8755428988529226,0.9998879703731897,0.980610040987278,0.993127667907958,0.3204096624424341,0.9010324790079348,0.9990784021959328,,0.7146942024520482,HIGH,,,,,,,,,,,,-0.7724853560922442,0.8132090010799309,5.604704367975129,estimated,-0.7724853560922442,0.8132090010799309,5.604704367975129,0.4935330977789802,True,temporal;spatial,flow_3d;spectral;phase;coherence,False,NORMAL,0.05,NONE,,8.381390202131419,13.18680223018765,,,,0.05816987703816601,0.0024049270702448666,0.0003774815995711833,,,False,,,,,,,,,,,,,,,,,,,,,,False,,,,,,,
0,research_full,253,P3,valid,347.99775745118234,352.9987327176552,343.3999111290586,353.00018310546875,4.5930290909482965,0.9974055036048715,2.036221390987979,13.49080876006153,13.68001960131239,0.12615633998070033,0.00036748030106537044,0.4048244591367167,0.7699870781110338,4.595175540863283,5.0,4.595175540863283,4.5930290909482965,343.3999111290586,353.00018310546875,343.40472836023406,352.9987327176552,0.9968696523149465,2.0353082416476225,13.484507075814946,0.9974055036048715,2.036221390987979,13.49080876006153,69.53058671804236,142.02865945663046,941.20327238908,-0.4048244591367167,,4,primary_icgn_fallback_line_search,,0,0,,3.8274999969871715,11.122899999463698,15.073900001880247,71.59989999854588,343.3957824707031,352.98779296875,0.00032440631184726954,0.013059912240340163,0.008706608160226776,cycle_valid,60.68540736254256,0.33056534547443983,0.2044090054937395,0.24162554266299868,icgn_high_residual,False,3,0.5206260775544271,35.47167104178504,0.24162554266299868,0.4002739764988446,0.24162554266299868,0.1,icgn_high_residual,True,line_search,4.57962523486773,-0.0004400846922000933,line_search_refined,0.0113739731692718,0.014628527263325308,0.6828919299599989,-0.02047237666380397,0.011117677837432893,0.015259071198904905,0.027848881855738142,0.8593328593197419,0.008463899679041972,updated,0,True,filtered,253,measured,0,measurement,insufficient_references,False,0,0,,,,,,,,,,,,0.9974055036048715,2.036221390987979,13.49080876006153,69.53058671804236,142.02865945663046,941.20327238908,,,,,,,,,,,0.9450719130314218,0.9579478866730999,0.836928254443495,0.9998846855645146,0.8650585136210944,0.9970977972799244,0.5041656404243551,0.8620454900340392,0.9989703215324681,,0.6828919299599989,HIGH,,,,,,,,,,,,0.9974055036048715,2.036221390987979,13.49080876006153,estimated,0.9974055036048715,2.036221390987979,13.49080876006153,0.3285729321787937,True,temporal;spatial,flow_3d;spectral;phase;coherence,False,NORMAL,0.05,NONE,,13.83644781542565,20.229546624175097,,,,0.4048244591367167,0.001450387813576981,0.00036748030106537044,,,False,,,,,,,,,,,,,,,,,,,,,,False,,,,,,,
0,research_full,254,P1,valid,139.99898966559977,320.0208612307438,119.11248892160481,320.02349853515625,20.866480468439867,-0.980193798913101,0.25798671578454313,2.9695317899490306,3.137746975214363,0.12137203642222472,0.000762939453125,0.1139232477766825,0.7458454968294715,20.886076752223317,21.0,20.886076752223317,20.866480468439867,119.11248892160481,320.02349853515625,119.13250919715989,320.0208612307438,-0.979276579021156,0.2577598584204909,2.9667456377984776,-0.980193798913101,0.25798671578454313,2.9695317899490306,-14.85701267030004,4.0273552714256144,44.99245801356322,-0.1139232477766825,,4,primary_icgn_fallback_line_search,,0,0,,4.45679999756976,14.934000002540415,19.5586000008916,59.311400000297,119.21083068847656,320.0004577636719,0.0006096358993090689,0.10100485266586846,0.06733656844391231,cycle_valid,92.41361189906272,0.317275062351283,0.19590302592905828,0.10709564728745845,icgn_high_residual,False,4,0.48773984948499133,28.249385607734798,0.10709564728745845,0.17675452633984287,0.10709564728745845,0.1,icgn_high_residual,True,line_search,20.778388282734426,-0.000508423432790439,line_search_refined,0.011276555626623538,0.014739659570560996,0.6716564359551189,-0.0021156071894949946,0.013159453907405805,0.09047711390286395,0.09145356833450075,0.7834117055890293,0.12344596110065426,updated,0,True,filtered,254,measured,0,measurement,insufficient_references,False,0,0,,,,,,,,,,,,-0.980193798913101,0.25798671578454313,2.9695317899490306,-14.85701267030004,4.0273552714256144,44.99245801356322,,,,,,,,,,,0.963930277533421,0.9595426545259251,0.8298477873159334,0.999771237441261,0.9620255840744392,0.9775544771853626,0.5354858576333417,0.6887517450278591,0.9899987214354757,,0.6716564359551189,HIGH,,,,,,,,,,,,-0.980193798913101,0.25798671578454313,2.9695317899490306,estimated,-0.980193798913101,0.25798671578454313,2.9695317899490306,0.5223636246657827,True,temporal;spatial,flow_3d;spectral;phase;coherence,True,NORMAL,0.05,NONE,,20.425728553104978,3.564222688351828,,,,0.1139232477766825,0.0026373044124738954,0.000762939453125,,,False,,,,,,,,,,,,,,,,,,,,,,False,,,,,,,
0,research_full,254,P2,valid,238.97699224027372,349.98791293671576,227.91982780397177,349.98748779296875,11.057561600905734,-0.7723587397096978,0.8130226431339733,5.603737906403092,5.714842286950132,0.022205988216662757,0.00018874079978559166,0.05856575071572934,0.7930461324542022,11.058565750715728,11.0,11.058565750715728,11.057561600905734,227.91982780397177,349.98748779296875,227.919430639368,349.98791293671576,-0.7722733558320442,0.8129441911912862,5.603229070765559,-0.7723587397096978,0.8130226431339733,5.603737906403092,-0.5951080417856414,0.2314355717173422,2.5015587978742815,0.05856575071572756,,4,primary_icgn_fallback_line_search,,0,0,,3.7889000013819896,13.97019999785698,17.859200001112185,59.311400000297,227.92782592773438,349.9856262207031,9.650505671743304e-05,0.008211908123090536,0.005474605415393691,cycle_valid,53.20131732663446,0.2883087964476609,0.26610280823099813,0.3462034246013434,icgn_high_residual,False,4,0.7153877014164833,56.78338799988753,0.3462034246013434,0.6081019953719426,0.3462034246013434,0.1,icgn_high_residual,True,line_search,11.077874492489718,-0.0004491284548309095,line_search_refined,0.01153799602543546,0.013976507890695232,0.71522601561613,0.006902462577301094,-0.0020941330331538666,0.004637366985052793,0.008575229171610863,0.7834655283418024,0.001248656169118423,updated,0,True,filtered,254,measured,0,measurement,insufficient_references,False,0,0,,,,,,,,,,,,-0.7723587397096978,0.8130226431339733,5.603737906403092,-0.5951080417856414,0.2314355717173422,2.5015587978742815,,,,,,,,,,,0.9373449098474758,0.9925980039277791,0.8747351313015931,0.9999524590239162,0.9804780830947569,0.9981751315282021,0.3186783796033491,0.903717493922202,0.999636205088935,,0.71522601561613,HIGH,,,,,,,,,,,,-0.7723587397096978,0.8130226431339733,5.603737906403092,estimated,-0.7723587397096978,0.8130226431339733,5.603737906403092,0.7994064491688185,True,temporal;spatial,flow_3d;spectral;phase;coherence,False,NORMAL,0.05,NONE,,1.5286668800799745,5.442484639476243,,,,0.05856575071572934,0.0004251437470088604,0.00018874079978559166,,,False,,,,,,,,,,,,,,,,,,,,,,False,,,,,,,
0,research_full,254,P3,valid,348.00107391687345,352.9981469200469,343.4020234047614,352.99810791015625,4.595204271355602,0.997020238062374,2.035242184403534,13.484422766934628,13.673548093370155,0.12732451261062624,0.00017794652376323938,0.399704068823894,0.7700125626729539,4.600295931176114,5.0,4.600295931176114,4.595204271355602,343.4020234047614,352.99810791015625,343.40586964551784,352.9981469200469,0.9959493087432811,2.03298853460333,13.469498054561255,0.997020238062374,2.035242184403534,13.484422766934628,69.14532117554495,141.0494528721853,934.8172792621785,-0.399704068823886,,4,primary_icgn_fallback_line_search,,0,0,,4.266799998731585,13.61939999696915,17.996500002482207,59.311400000297,343.40869140625,353.0095520019531,0.000152587890625,0.013244979460435333,0.008829986306956888,cycle_valid,60.09119495357623,0.3343481227421372,0.20702361013151097,0.2105259528167369,icgn_high_residual,False,4,0.5203302389822839,35.547177030129504,0.2105259528167369,0.40549211032870325,0.2105259528167369,0.1,icgn_high_residual,True,line_search,4.571923132176665,0.0005185455485071836,line_search_refined,0.011385942444241,0.014631236565760103,0.6828486798847417,0.0061789181573317364,-0.0001935404142727748,0.02320783487403766,0.024017079069436384,0.780605995856661,0.008752836432952549,updated,0,True,filtered,254,measured,0,measurement,insufficient_references,False,0,0,,,,,,,,,,,,0.997020238062374,2.035242184403534,13.484422766934628,69.14532117554495,141.0494528721853,934.8172792621785,,,,,,,,,,,0.9445287560696951,0.9575584957964579,0.838987769017464,0.9999449109309353,0.8667653103920353,0.9970566712310144,0.5044473914454439,0.8416663936804502,0.9990920574010648,,0.6828486798847417,HIGH,,,,,,,,,,,,0.997020238062374,2.035242184403534,13.484422766934628,estimated,0.997020238062374,2.035242184403534,13.484422766934628,0.5221944877602153,True,temporal;spatial,flow_3d;spectral;phase;coherence,False,NORMAL,0.05,NONE,,37.34034013159471,0.5900714646929226,,,,0.399704068823894,3.9009890656416246e-05,0.00017794652376323938,,,False,,,,,,,,,,,,,,,,,,,,,,False,,,,,,,
0,research_full,255,P1,valid,139.99820478257706,320.02091120185025,119.13094705695642,320.0191650390625,20.87235436264902,-0.9799224788855713,0.25791440136187405,2.9686961048470137,3.1368653885668936,0.10556687048067045,0.0001643421855987981,0.132701817698603,0.7535016327180153,20.867298182301404,21.0,20.867298182301404,20.87235436264902,119.13094705695642,320.0191650390625,119.12585041992804,320.02091120185025,-0.9801596823535598,0.25796682296087636,2.9694154247499664,-0.9799224788855713,0.25791440136187405,2.9686961048470137,-14.58569264277032,3.9550408487565303,44.156772911546405,-0.1327018176985959,,4,primary_icgn_fallback_line_search,,0,0,,4.559599998174235,14.554899997165194,19.238600001699524,57.8646000030858,119.11992645263672,320.0286560058594,0.00020754197612404823,0.014544145568258816,0.009696097045505878,cycle_valid,92.64619250970131,0.3170861351904961,0.21151926470982566,0.1077511794744079,icgn_high_residual,False,4,0.4912563669952588,28.334257004960534,0.1077511794744079,0.17476503553314546,0.1077511794744079,0.1,icgn_high_residual,True,line_search,20.772306361057915,-0.0005879909823172567,line_search_refined,0.010923536140894901,0.014609615088496524,0.6844107698486287,0.00017488038085389235,-0.007548063945705508,-0.019444648032784784,0.020859007397164134,0.739970590411871,0.007936746867322262,updated,0,True,filtered,255,measured,0,measurement,insufficient_references,False,0,0,,,,,,,,,,,,-0.9799224788855713,0.25791440136187405,2.9686961048470137,-14.58569264277032,3.9550408487565303,44.156772911546405,,,,,,,,,,,0.9640208275911146,0.9648110431731098,0.8424099413400385,0.9999380193063795,0.9557660607671323,0.996767967651498,0.5321367933378487,0.6906453043397973,0.9998977909910046,,0.6844107698486287,HIGH,,,,,,,,,,,,-0.9799224788855713,0.25791440136187405,2.9686961048470137,estimated,-0.9799224788855713,0.25791440136187405,2.9686961048470137,0.743494296679855,True,temporal;spatial,flow_3d;spectral;phase;coherence,False,NORMAL,0.05,NONE,,8.28156967582261,1.3940406241024448,,,,0.132701817698603,0.0017461627877537467,0.0001643421855987981,,,False,,,,,,,,,,,,,,,,,,,,,,False,,,,,,,
0,research_full,255,P2,valid,238.97877528324582,349.9861046021793,227.89106189909768,349.986572265625,11.081176990727426,-0.7706933790580657,0.811270347856812,5.591795632109573,5.7026578236043015,0.028509131660691932,0.00015560972678940743,0.08946788605857137,0.7914091422735168,11.089467886058564,11.0,11.089467886058564,11.081176990727426,227.89106189909768,349.986572265625,227.8975982925184,349.9861046021793,-0.7700981380171301,0.8106688879319677,5.587614999388934,-0.7706933790580657,0.811270347856812,5.591795632109573,1.0702526098465004,-1.520859705444022,-9.440715495644625,0.08946788605856426,,4,primary_icgn_fallback_line_search,,0,0,,4.142800000408897,12.761400001181755,17.019499999150867,57.8646000030858,227.9076690673828,349.9939270019531,3.0517578125e-05,0.01816287931212994,0.012108586208086627,cycle_valid,53.079077137343546,0.29395682414669855,0.26544769248600664,0.3324142669934193,icgn_high_residual,False,4,0.7251979296774251,56.09130676913341,0.3324142669934193,0.6431176931716368,0.3324142669934193,0.1,icgn_high_residual,True,line_search,11.106263080063316,-0.0004646954722885813,line_search_refined,0.01158076736336138,0.014026234399885446,0.7101119435252901,0.007289058952153482,0.0019429026582429287,0.03208057649004736,0.03295555551164562,0.7415602760845058,0.020145563795300594,updated,0,True,filtered,255,measured,0,measurement,insufficient_references,False,0,0,,,,,,,,,,,,-0.7706933790580657,0.811270347856812,5.591795632109573,1.0702526098465004,-1.520859705444022,-9.440715495644625,,,,,,,,,,,0.9372006162671547,0.9904969561131027,0.8744259819282831,0.9999689787825142,0.9701773713138095,0.9959638045973045,0.3093353050691189,0.899723517781524,0.9960196570043935,,0.7101119435252901,HIGH,,,,,,,,,,,,-0.7706933790580657,0.811270347856812,5.591795632109573,estimated,-0.7706933790580657,0.811270347856812,5.591795632109573,0.4735311188224931,True,temporal;spatial,flow_3d;spectral;phase;coherence,False,NORMAL,0.05,NONE,,11.193228245146429,11.232927451927479,,,,0.08946788605857137,0.0004676634457041473,0.00015560972678940743,,,False,,,,,,,,,,,,,,,,,,,,,,False,,,,,,,
0,research_full,255,P3,valid,347.9930779395606,352.99560404623855,343.40559607078654,352.9949645996094,4.5853922130431,0.9989438338622115,2.0395305547276354,13.513277428946578,13.70278221889832,0.12058268418860228,0.0001258271950064227,0.4151785903177938,0.772683985852013,4.584821409682224,5.0,4.584821409682224,4.5853922130431,343.40559607078654,352.9949645996094,343.40768572651746,352.99560404623855,0.998998360101715,2.039767686843949,13.514959811635816,0.9989438338622115,2.0395305547276354,13.513277428946578,71.06891697538242,145.33782319628673,963.6719412741286,-0.41517859031777604,,4,primary_icgn_fallback_line_search,,0,0,,4.327200000261655,13.700999999855412,18.248899999889545,57.8646000030858,343.3888854980469,352.9950256347656,0.00034119689371436834,0.0167106842043664,0.011140456136244266,cycle_valid,60.256804208191554,0.33706354025304414,0.21648085606444184,0.21773088283483227,icgn_high_residual,False,4,0.52002472012793,35.29360091391089,0.21773088283483227,0.401582439075216,0.21773088283483227,0.1,icgn_high_residual,True,line_search,4.574321712173764,-0.0006284053977092152,line_search_refined,0.0113968287516496,0.014621662481968355,0.6830297070360625,-0.011168474654027705,-0.002684365075253936,-0.0021813528054055453,0.011691832277985901,0.7383259785111131,0.002842921319785659,updated,0,True,filtered,255,measured,0,measurement,insufficient_references,False,0,0,,,,,,,,,,,,0.9989438338622115,2.0395305547276354,13.513277428946578,71.06891697538242,145.33782319628673,963.6719412741286,,,,,,,,,,,0.9446812127338113,0.9598057719371326,0.8460217963873411,0.9999221626518798,0.8616071365607354,0.996286514621252,0.5047383617829238,0.846905809137698,0.9987029841439031,,0.6830297070360625,HIGH,,,,,,,,,,,,0.9989438338622115,2.0395305547276354,13.513277428946578,estimated,0.9989438338622115,2.0395305547276354,13.513277428946578,0.11387666822940085,True,temporal;spatial,flow_3d;spectral;phase;coherence,False,OCCLUSION,0.65,KALMAN_PREDICT,,35.70688983657206,30.009981149616628,,,,0.4151785903177938,0.0006394466291794743,0.0001258271950064227,,,False,,,,,,,,,,,,,,,,,,,,,,False,,,,,,,
0,research_full,256,P1,valid,140.0073053155958,320.0191069585026,119.13618100954058,320.01727294921875,20.878115242344826,-0.9795996270851257,0.25783283418658437,2.967876955181686,3.1359825925646527,0.1057856215065788,0.0001406790834153071,0.12556089235306445,0.7548425313421517,20.874439107646925,21.0,20.874439107646925,20.878115242344826,119.13618100954058,320.01727294921875,119.12919007325098,320.0191069585026,-0.9797530289277901,0.2578676658105282,2.968399619067302,-0.9795996270851257,0.25783283418658437,2.967876955181686,-14.262840842324763,3.873473673466854,43.33762324621881,-0.1255608923530751,,4,primary_icgn_fallback_line_search,,0,0,,4.614399997080909,16.220899997279048,20.95750000080443,60.18179999955464,119.12796020507812,320.020751953125,8.929977047955617e-05,0.008926650782325962,0.005951100521550641,cycle_valid,92.5651807299044,0.32109774679450037,0.21531212528792157,0.08066246457796854,icgn_high_residual,False,4,0.494305991022747,28.21321513924024,0.08066246457796854,0.1752188910776968,0.08066246457796854,0.1,icgn_high_residual,True,line_search,20.780899000109947,-0.00024090338782519957,line_search_refined,0.010901112358719156,0.014756850399161628,0.6774748091798088,0.01328506495499937,-0.007350344142821541,-0.012956171639149971,0.01995953139278519,0.7162638161728901,0.008503898859539342,updated,0,True,filtered,256,measured,0,measurement,insufficient_references,False,0,0,,,,,,,,,,,,-0.9795996270851257,0.25783283418658437,2.967876955181686,-14.262840842324763,3.873473673466854,43.33762324621881,,,,,,,,,,,0.9639893391116509,0.9647381261644737,0.8451859908550945,0.9999616701910176,0.9581463692156452,0.9980162998261498,0.5292323895021456,0.58675533275935,0.999739440826701,,0.6774748091798088,HIGH,,,,,,,,,,,,-0.9795996270851257,0.25783283418658437,2.967876955181686,estimated,-0.9795996270851257,0.25783283418658437,2.967876955181686,0.9905600116137869,True,temporal;spatial,flow_3d;spectral;phase;coherence,False,NORMAL,0.05,NONE,,0.054904988092324,0.2301516903767876,,,,0.12556089235306445,0.001834009283868454,0.0001406790834153071,,,False,,,,,,,,,,,,,,,,,,,,,,False,,,,,,,
0,research_full,256,P2,valid,238.98002439016537,349.98899440903904,227.90048689804968,349.9909362792969,11.083088768704012,-0.7705468734563683,0.8111617898949997,5.59083107502967,5.701676774695008,0.03974291337077292,0.0005758045008406043,0.08056168593471114,0.7872514065947415,11.080561685934711,11.0,11.080561685934711,11.083088768704012,227.90048689804968,349.9909362792969,227.89693562146135,349.98899440903904,-0.7707114829680913,0.8113678798558509,5.592106145127761,-0.7705468734563683,0.8111617898949997,5.59083107502967,1.216758211543878,-1.6294176672563276,-10.405272575547464,0.08056168593471114,,4,primary_icgn_fallback_line_search,,0,0,,4.147399999055779,13.41619999948307,17.670999997790204,60.18179999955464,227.89471435546875,349.9874572753906,0.000152587890625,0.006739860238041329,0.004493240158694219,cycle_valid,52.95703843894623,0.2998868406497861,0.2601439272790132,0.3022471200784193,icgn_high_residual,False,4,0.7217021761754198,55.883665757594045,0.3022471200784193,0.6255312183730187,0.3022471200784193,0.1,icgn_high_residual,True,line_search,11.101982791140278,-0.0007439160599792083,line_search_refined,0.011541259898139197,0.014056490305784033,0.7113604236238074,0.003994808148263473,0.0075741514789342546,-0.009081869163608758,0.012482251810958703,0.7217442000345414,0.0032616359096309245,updated,0,True,filtered,256,measured,0,measurement,insufficient_references,False,0,0,,,,,,,,,,,,-0.7705468734563683,0.8111617898949997,5.59083107502967,1.216758211543878,-1.6294176672563276,-10.405272575547464,,,,,,,,,,,0.9370558960320957,0.9867523622097424,0.8718658025886485,0.999878601268089,0.9731461046884297,0.9985022532804353,0.3126645941186478,0.8897149679219942,0.9999230898586472,,0.7113604236238074,HIGH,,,,,,,,,,,,-0.7705468734563683,0.8111617898949997,5.59083107502967,estimated,-0.7705468734563683,0.8111617898949997,5.59083107502967,0.7369161181579389,True,temporal;spatial,flow_3d;spectral;phase;coherence,False,NORMAL,0.05,NONE,,11.203529276381301,0.0,,,,0.08056168593471114,0.0019418702578377633,0.0005758045008406043,,,False,,,,,,,,,,,,,,,,,,,,,,False,,,,,,,
0,research_full,256,P3,valid,348.0009383569195,353.0019757550644,343.4039938705705,353.00457763671875,4.593773290555486,0.9973272625952252,2.0359764877846103,13.488623224567093,13.67782213738204,0.12243217723867747,0.0002813581668306142,0.3994772690080257,0.7727034789550404,4.600522730991974,5.0,4.600522730991974,4.593773290555486,343.4039938705705,353.00457763671875,343.40716506636403,353.0019757550644,0.9959576941571502,2.0330575705977996,13.468834025741677,0.9973272625952252,2.0359764877846103,13.488623224567093,69.4523457083961,141.78375625326157,939.0177368946429,-0.3994772690080257,,4,primary_icgn_fallback_line_search,,0,0,,4.081399998540292,13.850100000126986,18.096300002071075,60.18179999955464,343.4096984863281,352.994873046875,4.31583721365314e-05,0.011257073552994542,0.0075047157019963616,cycle_valid,60.35940780677676,0.33759956018823006,0.2151673829495526,0.21155434102742007,icgn_high_residual,False,4,0.5211202095576343,35.58354534501778,0.21155434102742007,0.3976161660990955,0.21155434102742007,0.1,icgn_high_residual,True,line_search,4.579034042404212,0.0006342626846316807,line_search_refined,0.01137204492742661,0.014624441002609677,0.6824947856037594,0.014062224890267316,0.010225193806434163,0.023915850479595768,0.02956803445286775,0.7177838002354849,0.017801795086036725,updated,0,True,filtered,256,measured,0,measurement,insufficient_references,False,0,0,,,,,,,,,,,,0.9973272625952252,2.0359764877846103,13.488623224567093,69.4523457083961,141.78375625326157,939.0177368946429,,,,,,,,,,,0.9447752478950086,0.9591892742537742,0.8450818480180681,0.9999459139101722,0.8668409103306581,0.9974984280993345,0.5036950385165389,0.8424360702245627,0.998110472665092,,0.6824947856037594,HIGH,,,,,,,,,,,,0.9973272625952252,2.0359764877846103,13.488623224567093,estimated,0.9973272625952252,2.0359764877846103,13.488623224567093,0.11440738375527905,True,temporal;spatial,flow_3d;spectral;phase;coherence,False,OCCLUSION,0.65,KALMAN_PREDICT,,54.19626728517715,24.00373640421743,,,,0.3994772690080257,0.00260188165435693,0.0002813581668306142,,,False,,,,,,,,,,,,,,,,,,,,,,False,,,,,,,
0,research_full,257,P1,valid,139.99162999348775,320.0216559999791,119.11525781094893,320.02191162109375,20.875889420393023,-0.9797944482040883,0.2578750210077106,2.9681933951447497,3.1363463963937717,0.09466886796797107,0.00011108566104667261,0.12995202481613433,0.7321108311333773,20.870047975183883,21.0,20.870047975183883,20.875889420393023,119.11525781094893,320.02191162109375,119.11574057309473,320.0216559999791,-0.9801051606799456,0.2579486733943077,2.9690241809248534,-0.9797944482040883,0.2578750210077106,2.9681933951447497,-14.457661961287393,3.915660494593076,43.654063209282334,-0.12995202481611656,,4,primary_icgn_fallback_line_search,,0,0,,4.425500002980698,17.678200001682853,22.21819999977015,65.36339999729535,119.13665771484375,320.0251770019531,0.00010235906665911898,0.0216476003026708,0.014431733535113867,cycle_valid,92.24498700314969,0.28274817854201445,0.18807931057404337,0.09156582684596291,icgn_high_residual,False,5,0.491018173294014,28.163861184923064,0.09156582684596291,0.1773120397665044,0.09156582684596291,0.1,icgn_high_residual,True,line_search,20.76656749894445,-0.00013297377321112592,line_search_refined,0.01095491342485565,0.01476267541661147,0.6767012561650338,-0.024564433701186772,0.0009928814112640794,-0.01998967359907411,0.03168571077243423,0.7077768588773689,0.022113788405343983,updated,0,True,filtered,257,measured,0,measurement,insufficient_references,False,0,0,,,,,,,,,,,,-0.9797944482040883,0.2578750210077106,2.9681933951447497,-14.457661961287393,3.915660494593076,43.654063209282334,,,,,,,,,,,0.9638643416663984,0.968443710677343,0.8227698026348804,0.9999644258787157,0.9566826583946219,0.9951894221549621,0.5323636444818913,0.6359631700873678,0.9989920998777646,,0.6767012561650338,HIGH,,,,,,,,,,,,-0.9797944482040883,0.2578750210077106,2.9681933951447497,estimated,-0.9797944482040883,0.2578750210077106,2.9681933951447497,0.740773003135323,True,temporal;spatial,flow_3d;spectral;phase;coherence,False,NORMAL,0.05,NONE,,1.2541387910539692,8.650330933905966,,,,0.12995202481613433,0.0002556211146611531,0.00011108566104667261,,,False,,,,,,,,,,,,,,,,,,,,,,False,,,,,,,
0,research_full,257,P2,valid,238.98790497069038,349.9882318707226,227.88746339426254,349.9882507324219,11.099454774893816,-0.7693252580016816,0.809957473403676,5.5825874650654175,5.6932569998575815,0.035625231031814426,0.00047400587936863303,0.1035339201905856,0.7886686988231565,11.103533920190584,11.0,11.103533920190584,11.099454774893816,227.88746339426254,349.9882507324219,227.88845019579657,349.9882318707226,-0.7690091084119905,0.809660120859314,5.580536569776982,-0.7693252580016816,0.809957473403676,5.5825874650654175,2.4383736662305644,-2.8337341585800147,-18.648882539800127,0.10353392019058383,,4,primary_icgn_fallback_line_search,,0,0,,4.204799999570241,17.602700001589255,21.912500000325963,65.36339999729535,227.90908813476562,350.0102844238281,0.00027844676515087485,0.030872527574068925,0.020581685049379284,cycle_valid,53.451918343677995,0.3008391727683735,0.2652139417365591,0.25044601933875693,icgn_high_residual,False,5,0.7197385064931033,56.70041135231049,0.25044601933875693,0.6263659798021861,0.25044601933875693,0.1,icgn_high_residual,True,line_search,11.109259848647069,-0.0007376995923357962,line_search_refined,0.011623924569372102,0.014124198201393701,0.7061976932917456,0.01167778057401847,7.122842805529217e-05,0.014186417137668883,0.0183747126189182,0.7124612044618444,0.007203901263589711,updated,0,True,filtered,257,measured,0,measurement,insufficient_references,False,0,0,,,,,,,,,,,,-0.7693252580016816,0.809957473403676,5.5825874650654175,2.4383736662305644,-2.8337341585800147,-18.648882539800127,,,,,,,,,,,0.9376386585061155,0.9881249229893951,0.874315305164297,0.9998745912259134,0.9654886932698048,0.9931394383168736,0.314534755720854,0.8669041200122004,0.9974476189419654,,0.7061976932917456,HIGH,,,,,,,,,,,,-0.7693252580016816,0.809957473403676,5.5825874650654175,estimated,-0.7693252580016816,0.809957473403676,5.5825874650654175,0.7594439133234466,True,temporal;spatial,flow_3d;spectral;phase;coherence,False,NORMAL,0.05,NONE,,7.439163853832312,1.416436573649321,,,,0.1035339201905856,1.8861699288663658e-05,0.00047400587936863303,,,False,,,,,,,,,,,,,,,,,,,,,,False,,,,,,,
0,research_full,257,P3,valid,347.9950313216294,353.0070223540506,343.38727964051225,353.0083312988281,4.601070619607094,0.9955909745480421,2.0328794277316837,13.467230177109101,13.65613740409543,0.12571408646015483,0.00019301011343486607,0.3946954119966257,0.7711246710138874,4.605304588003374,5.0,4.605304588003374,4.601070619607094,343.38727964051225,353.0083312988281,343.39396070202235,353.0070223540506,0.9946117064520058,2.0310446727949416,13.45484884035586,0.9955909745480421,2.0328794277316837,13.467230177109101,67.71605766121303,138.68669620033504,917.6246894366518,-0.3946954119966257,,4,primary_icgn_fallback_line_search,,0,0,,3.687199998239521,13.59009999941918,17.373200000292854,65.36339999729535,343.4074401855469,353.0100402832031,0.0001954078470589593,0.02023284961855969,0.013488566412373127,cycle_valid,59.96354332627956,0.34287316516210503,0.2171590787019502,0.23570586130248755,icgn_high_residual,False,4,0.5299148448012267,36.03236427381141,0.23570586130248755,0.4033554382163464,0.23570586130248755,0.1,icgn_high_residual,True,line_search,4.580457325910663,-0.00028583422422238437,line_search_refined,0.011417017462469427,0.014609624280206948,0.6834943917807975,-0.009329414273167913,0.0049902833779356115,0.014553835603114074,0.017993193980918462,0.709082298870075,0.006789571140841254,updated,0,True,filtered,257,measured,0,measurement,insufficient_references,False,0,0,,,,,,,,,,,,0.9955909745480421,2.0328794277316837,13.467230177109101,67.71605766121303,138.68669620033504,917.6246894366518,,,,,,,,,,,0.94441066774197,0.9580953045132817,0.8465026950170332,0.999935263673251,0.8684348626677915,0.9955038111958756,0.4953191954274031,0.8585808042738666,0.9985596261546019,,0.6834943917807975,HIGH,,,,,,,,,,,,0.9955909745480421,2.0328794277316837,13.467230177109101,estimated,0.9955909745480421,2.0328794277316837,13.467230177109101,0.606386241329363,True,temporal;spatial,flow_3d;spectral;phase;coherence,False,NORMAL,0.05,NONE,,3.2951983053621534,13.374090805828324,,,,0.3946954119966257,0.0013089447775200824,0.00019301011343486607,,,False,,,,,,,,,,,,,,,,,,,,,,False,,,,,,,
0,research_full,258,P1,valid,139.99954087182093,320.0224923809123,119.1163274577459,320.0220642089844,20.886035502886635,-0.9792728933848309,0.2577545694201695,2.9667514970382385,3.1348089675375603,0.08671080904221314,0.00012302029062993824,0.11277215989434808,0.7308303572847671,20.88722784010567,21.0,20.88722784010567,20.886035502886635,119.1163274577459,320.0220642089844,119.11350536893428,320.0224923809123,-0.9791938598406801,0.257737388381653,2.966582141475278,-0.9792728933848309,0.2577545694201695,2.9667514970382385,-13.936107142029975,3.7952089070519834,42.21216510277115,-0.11277215989433031,,4,primary_icgn_fallback_line_search,,0,0,,4.282900001271628,14.745399999810616,19.154000001435634,55.11579999802052,119.10015106201172,320.0159912109375,0.0002899169921875,0.01727880447907399,0.011519202986049326,cycle_valid,92.42769848982029,0.2742770607534676,0.18756625171125446,0.07770737951343641,icgn_high_residual,False,4,0.48947166891326044,28.443641573328716,0.07770737951343641,0.1776519924911174,0.07770737951343641,0.1,icgn_high_residual,True,line_search,20.78270918847197,-0.0002496943623660851,line_search_refined,0.010936721309202766,0.014824678401154687,0.6735955239048863,0.015477771723823253,-0.0016508330974147611,0.004019512369811906,0.01607616705379033,0.7033627193217832,0.006069177359277149,updated,0,True,filtered,258,measured,0,measurement,insufficient_references,False,0,0,,,,,,,,,,,,-0.9792728933848309,0.2577545694201695,2.9667514970382385,-13.936107142029975,3.7952089070519834,42.21216510277115,,,,,,,,,,,0.9639357747969841,0.971096396985929,0.8222850164716852,0.9999311771195304,0.9624092800352173,0.9961602656713169,0.5338365057968948,0.571040311202752,0.9985837014347243,,0.6735955239048863,HIGH,,,,,,,,,,,,-0.9792728933848309,0.2577545694201695,2.9667514970382385,estimated,-0.9792728933848309,0.2577545694201695,2.9667514970382385,0.9142614865490652,True,temporal;spatial,flow_3d;spectral;phase;coherence,False,NORMAL,0.05,NONE,,1.9056228650360694,0.8037670998227938,,,,0.11277215989434808,0.0004281719279219942,0.00012302029062993824,,,False,,,,,,,,,,,,,,,,,,,,,,False,,,,,,,
0,research_full,258,P2,valid,238.98225407858033,349.987787397302,227.87780544510892,349.9879150390625,11.10376494190156,-0.7690878799127407,0.8096382530390511,5.580420462752629,5.691054630639305,0.037619574175427224,0.00031456799479201436,0.101625707234831,0.7888685598728086,11.101625707234822,11.0,11.101625707234822,11.10376494190156,227.87780544510892,349.9879150390625,227.87848913667875,349.987787397302,-0.76926668445437,0.8097956506100314,5.581495785342645,-0.7690878799127407,0.8096382530390511,5.580420462752629,2.6757517551714294,-3.152954523204854,-20.81588485258834,0.10162570723482212,,4,primary_icgn_fallback_line_search,,0,0,,4.345899997133529,12.938799998664763,17.389500000717817,55.11579999802052,227.88803100585938,349.989013671875,6.291359750321135e-05,0.010284409886715324,0.006856273257810216,cycle_valid,53.32388698986035,0.2989896743514447,0.2613701001760175,0.3123339406874592,icgn_high_residual,False,4,0.7154722958840972,56.22300261805415,0.3123339406874592,0.6283383891838057,0.3123339406874592,0.1,icgn_high_residual,True,line_search,11.104474453895799,-0.0004909669384894708,line_search_refined,0.01154329077298353,0.014053053039705245,0.7113960699140099,-0.010629517056855775,0.00048062547762128816,-0.007390134361511258,0.012954988212766385,0.7105283121942264,0.003729744081648929,updated,0,True,filtered,258,measured,0,measurement,insufficient_references,False,0,0,,,,,,,,,,,,-0.7690878799127407,0.8096382530390511,5.580420462752629,2.6757517551714294,-3.152954523204854,-20.81588485258834,,,,,,,,,,,0.9374889281052003,0.9874601419415242,0.8724669221502946,0.9999370864012841,0.9661247642550563,0.99771457558073,0.31859781344371685,0.893276621618626,0.9997286702739442,,0.7113960699140099,HIGH,,,,,,,,,,,,-0.7690878799127407,0.8096382530390511,5.580420462752629,estimated,-0.7690878799127407,0.8096382530390511,5.580420462752629,0.8302999016608832,True,temporal;spatial,flow_3d;spectral;phase;coherence,False,NORMAL,0.05,NONE,,6.219105956282327,0.0,,,,0.101625707234831,0.0001276417605140523,0.00031456799479201436,,,False,,,,,,,,,,,,,,,,,,,,,,False,,,,,,,
0,research_full,258,P3,valid,347.99301606682644,353.00047527404996,343.37017161465275,352.9971923828125,4.616344717184408,0.9922443211686617,2.0259825441838317,13.422671159006404,13.61092410915039,0.12139563158536228,3.0517578125e-05,0.37740428066839105,0.7714918456392841,4.622595719331609,5.0,4.622595719331609,4.616344717184408,343.37017161465275,352.9971923828125,343.37667134964204,353.00047527404996,0.990896061719231,2.0231573905002356,13.40452007002295,0.9922443211686617,2.0259825441838317,13.422671159006404,64.36940428183257,131.78981265248302,873.0656713339542,-0.37740428066839105,,4,primary_icgn_fallback_line_search,,0,0,,4.087799996341346,10.964999997668201,15.21359999969718,55.11579999802052,343.3825378417969,353.00299072265625,0.00018563118646852672,0.01365812281112515,0.009105415207416766,cycle_valid,59.95490872184089,0.33577928387068245,0.2143836522853202,0.21036886548217446,icgn_high_residual,False,3,0.5283905532527787,36.294593618824415,0.21036886548217446,0.39182273438296733,0.21036886548217446,0.1,icgn_high_residual,True,line_search,4.601042535280823,-0.00048680251376373456,line_search_refined,0.011390049350416384,0.014642741346786592,0.6810971767072674,-0.0009413509224600602,-0.012424385414078642,0.021189251913085627,0.024581210123038887,0.7049918433722041,0.012647283798870715,updated,0,True,filtered,258,measured,0,measurement,insufficient_references,False,0,0,,,,,,,,,,,,0.9922443211686617,2.0259825441838317,13.422671159006404,64.36940428183257,131.78981265248302,873.0656713339542,,,,,,,,,,,0.9444026618604618,0.9595347894715459,0.844515507698458,0.9999639752059011,0.8741985731105363,0.9969648615975277,0.49677090166402016,0.8415481622866012,0.997312979055112,,0.6810971767072674,HIGH,,,,,,,,,,,,0.9922443211686617,2.0259825441838317,13.422671159006404,estimated,0.9922443211686617,2.0259825441838317,13.422671159006404,0.13250832361620588,True,temporal;spatial,flow_3d;spectral;phase;coherence,False,OCCLUSION,0.65,KALMAN_PREDICT,,23.53070613065061,43.048739090125935,,,,0.37740428066839105,0.003282891237461172,3.0517578125e-05,,,False,,,,,,,,,,,,,,,,,,,,,,False,,,,,,,
0,research_full,259,P1,valid,139.99754160942464,320.01813467290566,119.12381892381582,320.0160217285156,20.879226221105522,-0.9796037855424652,0.25781351023708793,2.9677190351406537,3.135832848582027,0.09183220691793392,0.001632975647225976,0.12706904588611678,0.7381290614867558,20.872930954113873,21.0,20.872930954113873,20.879226221105522,119.12381892381582,320.0160217285156,119.11831538831912,320.01813467290566,-0.979903798922327,0.2578790829737985,2.968614097924289,-0.9796037855424652,0.25781351023708793,2.9677190351406537,-14.26699929966424,3.8541497239704126,43.179703205186385,-0.12706904588612744,,4,primary_icgn_fallback_line_search,,0,0,,4.564700000628363,14.823800000158371,19.49590000003809,57.89619999995921,119.11476135253906,320.0235900878906,0.00022438722953666002,0.011803374986107389,0.007868916657404926,cycle_valid,92.51618997091542,0.2827829855689498,0.1909507786510159,0.10568638056805411,icgn_high_residual,False,4,0.4862685524720492,27.952903380617347,0.10568638056805411,0.1807632837293258,0.10568638056805411,0.1,icgn_high_residual,True,line_search,20.779890013178065,-0.0006370014556990878,line_search_refined,0.010921213831228904,0.014643932124777735,0.681759013766706,-0.0030440331303793755,-0.008123805566583542,-0.021332520521678333,0.02302908566118786,0.7048981162234663,0.010963020396584498,updated,0,True,filtered,259,measured,0,measurement,insufficient_references,False,0,0,,,,,,,,,,,,-0.9796037855424652,0.25781351023708793,2.9677190351406537,-14.26699929966424,3.8541497239704126,43.179703205186385,,,,,,,,,,,0.963970270129139,0.9693892643606887,0.8254349441839471,0.9996904395205396,0.9576436513712944,0.997377027780865,0.5368870928837626,0.6846014296811956,0.9983632723055051,,0.681759013766706,HIGH,,,,,,,,,,,,-0.9796037855424652,0.25781351023708793,2.9677190351406537,estimated,-0.9796037855424652,0.25781351023708793,2.9677190351406537,0.8234220938423142,True,temporal;spatial,flow_3d;spectral;phase;coherence,False,NORMAL,0.05,NONE,,2.562075394689757,3.2749845935290978,,,,0.12706904588611678,0.0021129443900349543,0.001632975647225976,,,False,,,,,,,,,,,,,,,,,,,,,,False,,,,,,,
0,research_full,259,P2,valid,238.98216443072852,349.9910090167312,227.8753239719466,349.992431640625,11.108319488068405,-0.7687735158519425,0.8093411975515036,5.578132422454966,5.688726326267838,0.03894709332351287,0.0006019007414579391,0.10696057395182379,0.7890580969211485,11.106960573951817,11.0,11.106960573951817,11.108319488068405,227.8753239719466,349.992431640625,227.8738449426601,349.9910090167312,-0.7688662721338743,0.8094556347351881,5.578814895652076,-0.7687735158519425,0.8093411975515036,5.578132422454966,2.9901158159696406,-3.4500100107524023,-23.103925150251392,0.10696057395181668,,4,primary_icgn_fallback_line_search,,0,0,,4.389599998830818,13.582100000348873,18.178399997850647,57.89619999995921,227.8757781982422,349.98394775390625,0.000152587890625,0.008496037628457947,0.005664025085638631,cycle_valid,52.694444299924676,0.29675401938514157,0.2578069260616287,0.2857414581284134,icgn_high_residual,False,4,0.709821212386695,56.57434817229718,0.2857414581284134,0.6392408228113723,0.2857414581284134,0.1,icgn_high_residual,True,line_search,11.116227647177443,-0.0007079260352972188,line_search_refined,0.011555943208275559,0.014053901334077148,0.7112620204192478,0.00044962436834339314,0.0053252754836421445,-0.004669123704553968,0.007096579261708844,0.7089573541899767,0.0011117267921336013,updated,0,True,filtered,259,measured,0,measurement,insufficient_references,False,0,0,,,,,,,,,,,,-0.7687735158519425,0.8093411975515036,5.578132422454966,2.9901158159696406,-3.4500100107524023,-23.103925150251392,,,,,,,,,,,0.936742224391612,0.987017635558829,0.8707042753173939,0.9998742518946528,0.9643464753493921,0.9981119916381205,0.32397979772695706,0.8833444276806581,0.9996006257648474,,0.7112620204192478,HIGH,,,,,,,,,,,,-0.7687735158519425,0.8093411975515036,5.578132422454966,estimated,-0.7687735158519425,0.8093411975515036,5.578132422454966,0.9741325383100701,True,temporal;spatial,flow_3d;spectral;phase;coherence,False,NORMAL,0.05,NONE,,0.14514928667183757,0.6452562184324506,,,,0.10696057395182379,0.0014226238938022107,0.0006019007414579391,,,False,,,,,,,,,,,,,,,,,,,,,,False,,,,,,,
0,research_full,259,P3,valid,347.99215254882336,353.0004836504989,343.3738820633105,353.0006408691406,4.619397631652717,0.991566057776157,2.0246438104911513,13.413800247633914,13.60192717557764,0.12394872679818374,0.00020471813331823796,0.38148094026360013,0.7684282706276445,4.618519059736405,5.0,4.618519059736405,4.619397631652717,343.3738820633105,353.0006408691406,343.37275491717065,353.0004836504989,0.9917611592721526,2.025033051649211,13.416351928819193,0.991566057776157,2.0246438104911513,13.413800247633914,63.691140889327926,130.45107895980257,864.1947599614639,-0.3814809402635948,,4,primary_icgn_fallback_line_search,,0,0,,3.6849999996775296,13.153100000636186,16.952800000581192,57.89619999995921,343.3656005859375,352.98614501953125,3.0517578125e-05,0.016694685483012745,0.011129790322008497,cycle_valid,60.26960237940788,0.33176421630094677,0.20781548950276302,0.21335409977478734,icgn_high_residual,False,4,0.5242684775642956,36.33526171716784,0.21335409977478734,0.4010583039169355,0.21335409977478734,0.1,icgn_high_residual,True,line_search,4.600082685828261,-0.0002549671678675985,line_search_refined,0.0113953238899473,0.014626324915797058,0.683512946600532,0.0009365984146825213,0.0005923813359913765,-0.0029690996662461444,0.0031691773484170474,0.704094838479094,0.00020695106714011896,updated,0,True,filtered,259,measured,0,measurement,insufficient_references,False,0,0,,,,,,,,,,,,0.991566057776157,2.0246438104911513,13.413800247633914,63.691140889327926,130.45107895980257,864.1947599614639,,,,,,,,,,,0.9446929596059154,0.9586837577339388,0.839601304921546,0.9999607940480928,0.8728396865788,0.9962900698926639,0.5006966880340042,0.8437652083155684,0.9997282441133225,,0.683512946600532,HIGH,,,,,,,,,,,,0.991566057776157,2.0246438104911513,13.413800247633914,estimated,0.991566057776157,2.0246438104911513,13.413800247633914,0.36514541727271826,True,temporal;spatial,flow_3d;spectral;phase;coherence,False,NORMAL,0.05,NONE,,36.216768173335794,6.673825877685409,,,,0.38148094026360013,0.00015721864173201539,0.00020471813331823796,,,False,,,,,,,,,,,,,,,,,,,,,,False,,,,,,,
0,research_full,260,P1,valid,139.98852260884104,320.0256475763795,119.12967843426392,320.0284118652344,20.86378582403857,-0.980380776835421,0.25804764706824435,2.9699153172858113,3.1381733616221337,0.08474121494725353,0.0011612731032073498,0.1441590250842424,0.7238399734725199,20.855840974915758,21.0,20.855840974915758,20.86378582403857,119.12967843426392,320.0284118652344,119.12473678480247,320.0256475763795,-0.980771575573657,0.25816190061434463,2.971046680395635,-0.980380776835421,0.25804764706824435,2.9699153172858113,-15.043990592620071,4.08828655512683,45.375985350343925,-0.1441590250842424,,4,primary_icgn_fallback_line_search,,0,0,,4.392900002130773,17.039700000168523,21.573099998931866,64.30579999869224,119.12024688720703,320.0220947265625,0.00014813605230301619,0.011351665996057934,0.00756777733070529,cycle_valid,92.26883108657357,0.2679984854807311,0.18325727053347754,0.11538682434272249,icgn_high_residual,False,5,0.4863919068971655,27.78076485437611,0.11538682434272249,0.1810150810019914,0.11538682434272249,0.1,icgn_high_residual,True,line_search,20.77195126804718,-0.00014419985711540048,line_search_refined,0.010918985393786674,0.014643991247223431,0.6808807077614355,-0.011530039823867355,0.010612801070578826,-0.026798692157885995,0.031044214698986775,0.7035359383956711,0.020397216555483835,updated,0,True,filtered,260,measured,0,measurement,insufficient_references,False,0,0,,,,,,,,,,,,-0.980380776835421,0.25804764706824435,2.9699153172858113,-15.043990592620071,4.08828655512683,45.375985350343925,,,,,,,,,,,0.9638736798322962,0.9717529283509155,0.8181063526904163,0.9997817651407482,0.9519469916385859,0.9974774075564316,0.5367696124788899,0.7111166415818282,0.9970811124861757,,0.6808807077614355,HIGH,,,,,,,,,,,,-0.980380776835421,0.25804764706824435,2.9699153172858113,estimated,-0.980380776835421,0.25804764706824435,2.9699153172858113,0.9579138694194251,True,temporal;spatial,flow_3d;spectral;phase;coherence,False,NORMAL,0.05,NONE,,1.3189048504398952,0.0,,,,0.1441590250842424,0.0027642888548484734,0.0011612731032073498,,,False,,,,,,,,,,,,,,,,,,,,,,False,,,,,,,
0,research_full,260,P2,valid,238.9821802223929,349.9916980877143,227.88299695086977,349.9917297363281,11.103917395058856,-0.7690781211319728,0.8096695258590549,5.580343845403245,5.6909826331169375,0.0406544345572121,0.0001643421855987981,0.09930285381773274,0.7888372540828611,11.099302853817722,11.0,11.099302853817722,11.103917395058856,227.88299695086977,349.9917297363281,227.87826282733405,349.9916980877143,-0.769396569062731,0.8100064895972824,5.582663876413613,-0.7690781211319728,0.8096695258590549,5.580343845403245,2.6855105359393505,-3.12168170320104,-20.892502201972363,0.09930285381772208,,4,primary_icgn_fallback_line_search,,0,0,,4.1022999976121355,16.79100000183098,21.028299997851718,64.30579999869224,227.8697052001953,350.0063171386719,9.770392352947965e-05,0.01973481550788635,0.013156543671924233,cycle_valid,52.904125802025874,0.300836254521077,0.2601818199638649,0.30829936834855237,icgn_high_residual,False,5,0.7137007838016873,57.10069307973264,0.30829936834855237,0.6215616592146794,0.30829936834855237,0.1,icgn_high_residual,True,line_search,11.109999652463422,-0.00026919688455766174,line_search_refined,0.011592418889334075,0.01407373703735429,0.7097429438838937,0.0004461476364099326,0.00011807729816837309,-0.015815501808177146,0.01582223395751281,0.7082266944733462,0.005190561189029982,updated,0,True,filtered,260,measured,0,measurement,insufficient_references,False,0,0,,,,,,,,,,,,-0.7690781211319728,0.8096695258590549,5.580343845403245,2.6855105359393505,-3.12168170320104,-20.892502201972363,,,,,,,,,,,0.9369929418017964,0.9864485218142627,0.8718844639569252,0.9999563256484786,0.9668990487274224,0.9956144854426919,0.3202849678079168,0.8918799817466774,0.9988735556339622,,0.7097429438838937,HIGH,,,,,,,,,,,,-0.7690781211319728,0.8096695258590549,5.580343845403245,estimated,-0.7690781211319728,0.8096695258590549,5.580343845403245,0.8525148451782545,True,temporal;spatial,flow_3d;spectral;phase;coherence,False,NORMAL,0.05,NONE,,4.584691640409544,0.4819230471271304,,,,0.09930285381773274,3.164861379900685e-05,0.0001643421855987981,,,False,,,,,,,,,,,,,,,,,,,,,,False,,,,,,,
0,research_full,260,P3,valid,347.9985122348637,353.00171307271734,343.3768653463964,353.00225830078125,4.624254578454488,0.9906901231384913,2.0225492855539353,13.399711465732523,13.58765763100699,0.1221636411698813,0.0003774815995711833,0.37558360811518554,0.769911392133098,4.6244163918848145,5.0,4.6244163918848145,4.624254578454488,343.3768653463964,353.00225830078125,343.3742576564092,353.00171307271734,0.9907275386301081,2.0224927047708636,13.399242595048332,0.9906901231384913,2.0225492855539353,13.399711465732523,62.81520625166215,128.3565540225866,850.1059780600731,-0.37558360811518554,,4,primary_icgn_fallback_line_search,,0,0,,3.9327999984379858,13.89759999801754,17.96219999960158,64.30579999869224,343.3772277832031,353.0078125,0.00015560972678940743,0.005566011983496066,0.003710674655664044,cycle_valid,60.37485978233628,0.32948426375263445,0.20732062258275313,0.22555547830352402,icgn_high_residual,False,4,0.530550009898125,36.45514703684283,0.22555547830352402,0.3922708715416506,0.22555547830352402,0.1,icgn_high_residual,True,line_search,4.614861918534958,0.0006795868778468871,line_search_refined,0.011349984341768165,0.014640850026036309,0.68259209672493,0.010454070453135955,0.0020580774724408,0.0005455245523577901,0.010668686374569443,0.7033801143743451,0.0026557866790827165,updated,0,True,filtered,260,measured,0,measurement,insufficient_references,False,0,0,,,,,,,,,,,,0.9906901231384913,2.0225492855539353,13.399711465732523,62.81520625166215,128.3565540225866,850.1059780600731,,,,,,,,,,,0.9447893817832342,0.9592787862767063,0.8392184389663013,0.9999111514456066,0.8748054639616049,0.998763108448112,0.4947142762875,0.8522166981531809,0.9993728517107372,,0.68259209672493,HIGH,,,,,,,,,,,,0.9906901231384913,2.0225492855539353,13.399711465732523,estimated,0.9906901231384913,2.0225492855539353,13.399711465732523,0.5187131937483536,True,temporal;spatial,flow_3d;spectral;phase;coherence,False,NORMAL,0.05,NONE,,5.2760275949667035,16.451011106225184,,,,0.37558360811518554,0.0005452280639133278,0.0003774815995711833,,,False,,,,,,,,,,,,,,,,,,,,,,False,,,,,,,
