method,row_count,valid_count,coverage_pct,effective_tracking_rate_pct,measurement_accept_rate_pct,measurement_reject_rate_pct,predict_only_rate_pct,rejected_measurement_count,confidence_high_count,confidence_medium_count,confidence_low_count,confidence_lost_count,confidence_high_pct,confidence_medium_pct,confidence_low_pct,confidence_lost_pct,quality_context_recovery_count,quality_temporal_stabilization_count,runtime_sample_count,runtime_mean_ms,runtime_median_ms,runtime_p95_ms,gt_annotation_count,jump_count,jump_checks,jump_rate_pct,jump_rate_2pct,jump_rate_5pct,jump_rate_10pct,pixel_gt_count,accepted_with_pixel_gt,false_match_count,false_match_rate_pct,accurate_tracking_rate_pct,left_tracking_mae_px,right_matching_mae_px,disparity_mae_px,disparity_rmse_px,xyz_metric_available,xyz_sample_count,x_mae_m,y_mae_m,z_mae_m,xyz_rmse_m,x_mae_mm,y_mae_mm,z_mae_mm,xyz_rmse_mm,distance_metric_available,distance_sample_count,distance_mae_m,distance_rmse_m,distance_mae_mm,delta_metric_available,delta_sample_count,delta_x_mae_mm,delta_y_mae_mm,delta_z_mae_mm,delta_xyz_rmse_mm,x_std_mm,peak_to_peak_x_mm,drift_x_mm,y_std_mm,peak_to_peak_y_mm,drift_y_mm,z_std_mm,peak_to_peak_z_mm,drift_z_mm,disparity_std_px,innovation_rmse_mm,innovation_outlier_rate_pct,jump_rate_1mm,jump_rate_2mm,jump_rate_5mm,jump_rate_10mm,lost_count,recovery_attempt_count,recovery_success_count,recovery_success_rate_pct,mean_recovery_frames,cycle_sample_count,cycle_attempt_count,cycle_valid_count,cycle_soft_count,cycle_recovery_required_count,cycle_recovered_count,cycle_error_mean_px,cycle_error_median_px,cycle_error_p95_px,cycle_failure_count,cycle_failure_rate_pct,cycle_recovery_count,icgn_attempt_count,icgn_success_count,icgn_success_rate_pct,icgn_iteration_mean,icgn_residual_mean,integer_disparity_rmse_px,subpixel_disparity_rmse_px,icgn_disparity_rmse_px,measured_disparity_std_px,estimated_disparity_std_px,measured_disparity_temporal_std_mean_px,measured_disparity_temporal_std_median_px,measured_disparity_temporal_std_p95_px,estimated_disparity_temporal_std_mean_px,estimated_disparity_temporal_std_median_px,estimated_disparity_temporal_std_p95_px,measured_xyz_rmse_mm,estimated_xyz_rmse_mm,measured_innovation_rmse_mm,estimated_innovation_rmse_mm,amplitude_ratio,camera_compensation_attempt_count,camera_compensation_available,camera_compensation_success_rate_pct,camera_reference_residual_mean_mm,camera_reference_residual_p95_mm,raw_static_point_std_mm,compensated_static_point_std_mm,raw_static_point_std_mean_mm,raw_static_point_std_median_mm,raw_static_point_std_p95_mm,compensated_static_point_std_mean_mm,compensated_static_point_std_median_mm,compensated_static_point_std_p95_mm,raw_drift_mm,compensated_drift_mm,raw_static_drift_mean_mm,raw_static_drift_median_mm,raw_static_drift_p95_mm,compensated_static_drift_mean_mm,compensated_static_drift_median_mm,compensated_static_drift_p95_mm,speedup_vs_sgbm,speedup_vs_M0
full,303,267,88.11881188118812,88.11881188118812,100.0,0.0,0.0,0,0,0,0,0,0.0,0.0,0.0,0.0,0,0,71,25.823702816613686,27.868600001966115,30.763549995754147,0,27,246,10.975609756097562,45.9349593495935,10.975609756097562,2.4390243902439024,0,0,0,,,,,,,False,0,,,,,,,,,False,0,,,,False,0,,,,,18.99623156842019,104.98076145484288,33.10125553021828,25.188409331928685,149.64342388443154,63.20008965117117,175.0322921099715,1028.8582970636392,403.13930030574164,6.3819754821686265,396.2011664961069,69.10569105691057,70.32520325203252,69.91869918699187,69.10569105691057,69.10569105691057,25,0,0,,,0,0,0,0,0,0,,,,0,,0,0,0,,,,,,,0.2187513782654831,0.2187513782654831,0.2187513782654831,0.13727680749128757,0.39077502323577173,0.2187513782654831,0.13727680749128757,0.39077502323577173,,,396.2011664961069,396.2011664961069,,0,False,,,,,,,,,,,,,,,,,,,,3.2569486808310617,3.2569486808310617
full_quality,303,298,98.34983498349835,98.34983498349835,100.0,0.0,0.0,0,0,0,0,0,0.0,0.0,0.0,0.0,3,100,71,32.33129718352411,29.538200004026294,41.31065000183298,0,29,284,10.211267605633804,34.50704225352113,10.211267605633804,0.0,0,0,0,,,,,,,False,0,,,,,,,,,False,0,,,,False,0,,,,,18.715669319627978,105.66861435709863,27.060688982182455,24.095766933478135,140.2748941481265,64.85451747791603,168.11494187398546,974.5562485413428,421.35118967577955,6.746975064898657,268.88711135449716,74.64788732394366,76.05633802816901,75.70422535211267,74.64788732394366,74.29577464788733,0,5,4,80.0,1.0,0,0,0,0,0,0,,,,0,,0,0,0,,,,,,,0.22501641727943225,0.22308631589226727,0.22501641727943225,0.13661684679121325,0.4082185971334939,0.22308631589226727,0.1308265426297182,0.40763956671734436,,,374.76915027316016,268.88711135449716,,0,False,,,,,,,,,,,,,,,,,,,,3.072854811756974,3.072854811756974
local,303,41,13.531353135313532,13.531353135313532,100.0,0.0,0.0,0,0,0,0,0,0.0,0.0,0.0,0.0,0,0,71,6.409247887269987,6.15720000496367,8.754649999900721,0,0,37,0.0,0.0,0.0,0.0,0,0,0,,,,,,,False,0,,,,,,,,,False,0,,,,False,0,,,,,0.23103489403825342,1.461673544825544,-1.461673544825544,0.24331689497798847,1.5393772870496985,1.5393772870496985,1.67678417711327,10.608402173494747,10.608402173494747,1.8486335231019873,5.3357522277335425,2.7027027027027026,2.7027027027027026,2.7027027027027026,2.7027027027027026,2.7027027027027026,256,0,0,,,0,0,0,0,0,0,,,,0,,0,0,0,,,,,,,0.009878868594501565,0.009878868594501565,0.009878868594501565,0.009878868594501565,0.009878868594501565,0.009878868594501565,0.009878868594501565,0.009878868594501565,,,5.3357522277335425,5.3357522277335425,,0,False,,,,,,,,,,,,,,,,,,,,14.741538351822246,14.741538351822246
local_fixed,1515,205,13.531353135313532,13.531353135313532,0.0,0.0,0.0,0,0,0,0,0,0.0,0.0,0.0,0.0,0,0,355,5.535942535030879,5.173199999262579,7.934139997814783,0,0,185,0.0,0.0,0.0,0.0,0,0,0,,,,,,,False,0,,,,,,,,,False,0,,,,False,0,,,,,0.23103489403825342,1.461673544825544,-1.461673544825544,0.24331689497798845,1.5393772870496985,1.5393772870496985,1.6767841771132699,10.608402173494747,10.608402173494747,1.8486335231019875,5.335752227733543,2.7027027027027026,2.7027027027027026,2.7027027027027026,2.7027027027027026,2.7027027027027026,1280,0,0,,,0,0,0,0,0,0,,,,0,,0,0,0,,,,,,,0.009878868594501565,0.009878868594501565,0.009878868594501565,0.009878868594501565,0.009878868594501565,0.009878868594501565,0.009878868594501565,0.009878868594501565,,,5.335752227733543,5.335752227733543,,0,False,,,,,,,,,,,,,,,,,,,,17.545542415903217,17.545542415903217
local_flow,303,40,13.2013201320132,13.2013201320132,100.0,0.0,0.0,0,0,0,0,0,0.0,0.0,0.0,0.0,0,0,71,6.112501408366165,5.39310000021942,11.111299998447066,0,0,36,0.0,0.0,0.0,0.0,0,0,0,,,,,,,False,0,,,,,,,,,False,0,,,,False,0,,,,,0.26010080467490054,1.740323217291916,-1.740323217291916,0.26509763917933293,1.7419506459027996,1.6689351934810095,1.698115559138633,10.608402173494747,10.608402173494747,1.8715273832070292,5.410895381967054,2.7777777777777777,2.7777777777777777,2.7777777777777777,2.7777777777777777,2.7777777777777777,257,0,0,,,0,0,0,0,0,0,,,,0,,0,0,0,,,,,,,0.010004543635358912,0.010004543635358912,0.010004543635358912,0.010004543635358912,0.010004543635358912,0.010004543635358912,0.010004543635358912,0.010004543635358912,,,5.410895381967054,5.410895381967054,,0,False,,,,,,,,,,,,,,,,,,,,16.83013480360446,16.83013480360446
M0,303,303,100.0,100.0,100.0,0.0,0.0,0,303,0,0,0,100.0,0.0,0.0,0.0,0,0,101,91.18570890974964,90.76660001301207,96.87219999614172,0,17,297,5.723905723905724,19.52861952861953,5.723905723905724,0.0,0,0,0,,,,,,,False,0,,,,,,,,,False,0,,,,False,0,,,,,12.003509286140806,51.65346819072321,-0.04415957234944775,17.93327862497083,66.82704150164403,29.301942450932557,123.2769915822113,470.0542850037843,208.4278111562685,6.6890329842859275,237.28388955941307,65.31986531986533,67.003367003367,66.66666666666666,65.31986531986533,59.59595959595959,0,0,0,,,0,0,0,0,0,0,,,,0,,0,0,0,,,,,,,0.12294590916591601,0.12294590916591601,0.12294590916591601,0.1215110833953148,0.20904166554832307,0.12294590916591601,0.1215110833953148,0.20904166554832307,,,237.28388955941307,237.28388955941307,,0,False,,,,,,,,,,,,,,,,,,,,1.0,1.0
M1,303,40,13.2013201320132,13.2013201320132,100.0,0.0,0.0,0,303,0,0,0,100.0,0.0,0.0,0.0,0,0,101,9.609510892734743,6.728900014422834,13.76420000451617,0,0,36,0.0,0.0,0.0,0.0,0,0,0,,,,,,,False,0,,,,,,,,,False,0,,,,False,0,,,,,0.26010080467490054,1.740323217291916,-1.740323217291916,0.26509763917933293,1.7419506459027996,1.6689351934810095,1.698115559138633,10.608402173494747,10.608402173494747,1.8715273832070292,5.410895381967054,2.7777777777777777,2.7777777777777777,2.7777777777777777,2.7777777777777777,2.7777777777777777,257,0,0,,,0,0,0,0,0,0,,,,0,,0,0,0,,,,,,,0.010004543635358912,0.010004543635358912,0.010004543635358912,0.010004543635358912,0.010004543635358912,0.010004543635358912,0.010004543635358912,0.010004543635358912,,,5.410895381967054,5.410895381967054,,0,False,,,,,,,,,,,,,,,,,,,,13.489069508903603,13.489069508903603
M2,303,37,12.211221122112212,12.211221122112212,100.0,0.0,0.0,0,303,0,0,0,100.0,0.0,0.0,0.0,0,0,101,9.294226733070918,6.1956999998074025,14.081000001169741,0,0,33,0.0,0.0,0.0,0.0,0,0,0,,,,,,,False,0,,,,,,,,,False,0,,,,False,0,,,,,0.2655845195736434,1.6980833328497436,-1.6980833328497436,0.27492108274876076,1.7419506459027996,1.6642604236613276,1.7673452215662915,10.608402173494747,10.608402173494747,1.9456746596746892,5.651238203373957,3.0303030303030303,3.0303030303030303,3.0303030303030303,3.0303030303030303,3.0303030303030303,260,0,0,,,0,0,0,0,0,0,,,,0,,0,0,0,,,,,,,0.010412414097938034,0.010412414097938034,0.010412414097938034,0.010412414097938034,0.010412414097938034,0.010412414097938034,0.010412414097938034,0.010412414097938034,,,5.651238203373957,5.651238203373957,,0,False,,,,,,,,,,,,,,,,,,,,14.649934634639122,14.649934634639122
M3,303,280,92.4092409240924,92.4092409240924,100.0,0.0,0.0,0,303,0,0,0,100.0,0.0,0.0,0.0,0,0,101,31.697209901406918,28.462500020395964,53.8310999982059,0,27,264,10.227272727272728,43.18181818181818,10.227272727272728,2.272727272727273,0,0,0,,,,,,,False,0,,,,,,,,,False,0,,,,False,0,,,,,20.100357842786025,111.99735996741352,49.836003114789754,25.377016796083577,151.41687670271287,58.883126662397466,177.86701841792797,1050.2161984088586,352.3546043972219,6.523356470228757,387.02516450258145,70.07575757575758,70.83333333333334,70.45454545454545,70.07575757575758,70.07575757575758,14,12,5,41.66666666666667,3.8,0,0,0,0,0,0,,,,0,,0,0,0,,,,,,,0.2456645159077319,0.2456645159077319,0.2456645159077319,0.13661684679121328,0.46396846342990283,0.2456645159077319,0.13661684679121328,0.46396846342990283,,,387.02516450258145,387.02516450258145,,0,False,,,,,,,,,,,,,,,,,,,,3.1889890188131598,3.1889890188131598
research_full,303,302,99.66996699669967,99.66996699669967,100.0,0.0,0.0,0,0,0,0,0,0.0,0.0,0.0,0.0,4,0,71,76.88691408490651,76.07619999907911,81.77735000208486,0,1,294,0.3401360544217687,0.6802721088435374,0.3401360544217687,0.0,0,0,0,,,,,,,False,0,,,,,,,,,False,0,,,,False,0,,,,,4.503858514844988,41.96657125504635,19.150831490874527,7.347969420364429,72.49751684274324,57.15801485302705,48.87765722547948,482.0984746300064,376.91237006461233,6.671162982758963,51.77247981508365,46.25850340136054,81.97278911564626,68.70748299319727,46.25850340136054,30.952380952380953,0,1,1,100.0,1.0,299,299,299,0,0,0,0.020307536150332896,0.012910641175275293,0.0690489040975513,0,0.0,0,299,0,0.0,4.384615384615385,0.5700803203059014,,,,0.04092649533000846,0.040209563442476344,0.04092649533000846,0.04477349071378203,0.049805939839566826,0.040209563442476344,0.04440510028129406,0.048510526242797905,,,72.37957412573536,51.77247981508365,,303,True,0.0,,,,,,,,,,,,,,,,,,,1.1931011277391719,1.1931011277391719
sgbm,303,303,100.0,100.0,100.0,0.0,0.0,0,0,0,0,0,0.0,0.0,0.0,0.0,0,0,71,88.63833521172637,89.1157000005478,91.11544999905163,0,17,297,5.723905723905724,19.52861952861953,5.723905723905724,0.0,0,0,0,,,,,,,False,0,,,,,,,,,False,0,,,,False,0,,,,,12.003509286140806,51.65346819072321,-0.04415957234944775,17.93327862497083,66.82704150164403,29.301942450932557,123.2769915822113,470.0542850037843,208.4278111562685,6.6890329842859275,237.28388955941307,65.31986531986533,67.003367003367,66.66666666666666,65.31986531986533,59.59595959595959,0,0,0,,,0,0,0,0,0,0,,,,0,,0,0,0,,,,,,,0.12294590916591601,0.12294590916591601,0.12294590916591601,0.1215110833953148,0.20904166554832307,0.12294590916591601,0.1215110833953148,0.20904166554832307,,,237.28388955941307,237.28388955941307,,0,False,,,,,,,,,,,,,,,,,,,,1.0185253553801867,1.0185253553801867
sgbm_fixed,1515,1515,100.0,100.0,0.0,0.0,0.0,0,0,0,0,0,0.0,0.0,0.0,0.0,0,0,355,88.98814422526056,88.49429999827407,93.32174000155646,0,85,1485,5.723905723905724,19.52861952861953,5.723905723905724,0.0,0,0,0,,,,,,,False,0,,,,,,,,,False,0,,,,False,0,,,,,12.003509286140806,51.65346819072321,-0.04415957234944775,17.933278624970832,66.82704150164403,29.30194245093256,123.27699158221127,470.0542850037843,208.4278111562685,6.6890329842859275,237.28388955941304,65.31986531986533,67.003367003367,66.66666666666666,65.31986531986533,59.59595959595959,0,0,0,,,0,0,0,0,0,0,,,,0,,0,0,0,,,,,,,0.12294590916591598,0.12294590916591598,0.12294590916591598,0.1215110833953148,0.21876728578754623,0.12294590916591598,0.1215110833953148,0.21876728578754623,,,237.28388955941304,237.28388955941304,,0,False,,,,,,,,,,,,,,,,,,,,1.0256773601778002,1.0256773601778002
sgbm_flow,1515,1515,100.0,100.0,0.0,0.0,0.0,0,0,0,0,0,0.0,0.0,0.0,0.0,0,0,355,95.29658873236745,95.01509999972768,99.12680000270484,0,85,1485,5.723905723905724,19.52861952861953,5.723905723905724,0.0,0,0,0,,,,,,,False,0,,,,,,,,,False,0,,,,False,0,,,,,12.032201484646363,52.14339290978008,-0.2711252337295491,18.09155807476434,67.76009875372213,30.831867106204708,123.27699158221127,470.0542850037843,208.4278111562685,6.6890329842859275,237.2892116752892,65.31986531986533,67.003367003367,66.66666666666666,65.31986531986533,59.59595959595959,0,0,0,,,0,0,0,0,0,0,,,,0,,0,0,0,,,,,,,0.12294590916591598,0.12294590916591598,0.12294590916591598,0.1215110833953148,0.21876728578754623,0.12294590916591598,0.1215110833953148,0.21876728578754623,,,237.2892116752892,237.2892116752892,,0,False,,,,,,,,,,,,,,,,,,,,0.9552860546720701,0.9552860546720701
