seed,case,expected_fault,predicted_fault,fault_score,recovery_action,recovery_success,rmse_before,rmse_after,c_phy_before,c_phy_after
0,clean,NORMAL,NORMAL,0.05,NONE,True,0.0,0.0,0.9,0.9
0,stereo_mismatch,STEREO_MISMATCH,STEREO_MISMATCH,0.9,LOCAL_REMATCH,True,5.0,0.0,0.55,0.9
0,occlusion,OCCLUSION,OCCLUSION,0.65,KALMAN_PREDICT,True,0.0,0.0,0.15,0.9
0,blur,MOTION_BLUR,MOTION_BLUR,0.8,TEMPORAL_HOLD,True,0.0,0.0,0.55,0.9
0,flow_drift,FLOW_DRIFT,FLOW_DRIFT,0.75,REDETECT_FEATURES,True,4.0,0.0,0.55,0.9
0,camera_motion,CAMERA_MOTION,CAMERA_MOTION,0.95,REFERENCE_MOTION_COMPENSATION,True,3.0,0.0,0.55,0.9
0,extrinsic_drift,EXTRINSIC_DRIFT,EXTRINSIC_DRIFT,0.9,QUICK_EXTRINSIC_UPDATE,True,2.0,0.0,0.55,0.9
0,tracking_loss,TRACKING_LOSS,TRACKING_LOSS,0.95,GLOBAL_REINITIALIZE,True,1.0,0.0,0.15,0.9
1,clean,NORMAL,NORMAL,0.05,NONE,True,0.0,0.0,0.9,0.9
1,stereo_mismatch,STEREO_MISMATCH,STEREO_MISMATCH,0.9,LOCAL_REMATCH,True,5.0,0.0,0.55,0.9
1,occlusion,OCCLUSION,OCCLUSION,0.65,KALMAN_PREDICT,True,0.0,0.0,0.15,0.9
1,blur,MOTION_BLUR,MOTION_BLUR,0.8,TEMPORAL_HOLD,True,0.0,0.0,0.55,0.9
1,flow_drift,FLOW_DRIFT,FLOW_DRIFT,0.75,REDETECT_FEATURES,True,4.0,0.0,0.55,0.9
1,camera_motion,CAMERA_MOTION,CAMERA_MOTION,0.95,REFERENCE_MOTION_COMPENSATION,True,3.0,0.0,0.55,0.9
1,extrinsic_drift,EXTRINSIC_DRIFT,EXTRINSIC_DRIFT,0.9,QUICK_EXTRINSIC_UPDATE,True,2.0,0.0,0.55,0.9
1,tracking_loss,TRACKING_LOSS,TRACKING_LOSS,0.95,GLOBAL_REINITIALIZE,True,1.0,0.0,0.15,0.9
2,clean,NORMAL,NORMAL,0.05,NONE,True,0.0,0.0,0.9,0.9
2,stereo_mismatch,STEREO_MISMATCH,STEREO_MISMATCH,0.9,LOCAL_REMATCH,True,5.0,0.0,0.55,0.9
2,occlusion,OCCLUSION,OCCLUSION,0.65,KALMAN_PREDICT,True,0.0,0.0,0.15,0.9
2,blur,MOTION_BLUR,MOTION_BLUR,0.8,TEMPORAL_HOLD,True,0.0,0.0,0.55,0.9
2,flow_drift,FLOW_DRIFT,FLOW_DRIFT,0.75,REDETECT_FEATURES,True,4.0,0.0,0.55,0.9
2,camera_motion,CAMERA_MOTION,CAMERA_MOTION,0.95,REFERENCE_MOTION_COMPENSATION,True,3.0,0.0,0.55,0.9
2,extrinsic_drift,EXTRINSIC_DRIFT,EXTRINSIC_DRIFT,0.9,QUICK_EXTRINSIC_UPDATE,True,2.0,0.0,0.55,0.9
2,tracking_loss,TRACKING_LOSS,TRACKING_LOSS,0.95,GLOBAL_REINITIALIZE,True,1.0,0.0,0.15,0.9
3,clean,NORMAL,NORMAL,0.05,NONE,True,0.0,0.0,0.9,0.9
3,stereo_mismatch,STEREO_MISMATCH,STEREO_MISMATCH,0.9,LOCAL_REMATCH,True,5.0,0.0,0.55,0.9
3,occlusion,OCCLUSION,OCCLUSION,0.65,KALMAN_PREDICT,True,0.0,0.0,0.15,0.9
3,blur,MOTION_BLUR,MOTION_BLUR,0.8,TEMPORAL_HOLD,True,0.0,0.0,0.55,0.9
3,flow_drift,FLOW_DRIFT,FLOW_DRIFT,0.75,REDETECT_FEATURES,True,4.0,0.0,0.55,0.9
3,camera_motion,CAMERA_MOTION,CAMERA_MOTION,0.95,REFERENCE_MOTION_COMPENSATION,True,3.0,0.0,0.55,0.9
3,extrinsic_drift,EXTRINSIC_DRIFT,EXTRINSIC_DRIFT,0.9,QUICK_EXTRINSIC_UPDATE,True,2.0,0.0,0.55,0.9
3,tracking_loss,TRACKING_LOSS,TRACKING_LOSS,0.95,GLOBAL_REINITIALIZE,True,1.0,0.0,0.15,0.9
4,clean,NORMAL,NORMAL,0.05,NONE,True,0.0,0.0,0.9,0.9
4,stereo_mismatch,STEREO_MISMATCH,STEREO_MISMATCH,0.9,LOCAL_REMATCH,True,5.0,0.0,0.55,0.9
4,occlusion,OCCLUSION,OCCLUSION,0.65,KALMAN_PREDICT,True,0.0,0.0,0.15,0.9
4,blur,MOTION_BLUR,MOTION_BLUR,0.8,TEMPORAL_HOLD,True,0.0,0.0,0.55,0.9
4,flow_drift,FLOW_DRIFT,FLOW_DRIFT,0.75,REDETECT_FEATURES,True,4.0,0.0,0.55,0.9
4,camera_motion,CAMERA_MOTION,CAMERA_MOTION,0.95,REFERENCE_MOTION_COMPENSATION,True,3.0,0.0,0.55,0.9
4,extrinsic_drift,EXTRINSIC_DRIFT,EXTRINSIC_DRIFT,0.9,QUICK_EXTRINSIC_UPDATE,True,2.0,0.0,0.55,0.9
4,tracking_loss,TRACKING_LOSS,TRACKING_LOSS,0.95,GLOBAL_REINITIALIZE,True,1.0,0.0,0.15,0.9
5,clean,NORMAL,NORMAL,0.05,NONE,True,0.0,0.0,0.9,0.9
5,stereo_mismatch,STEREO_MISMATCH,STEREO_MISMATCH,0.9,LOCAL_REMATCH,True,5.0,0.0,0.55,0.9
5,occlusion,OCCLUSION,OCCLUSION,0.65,KALMAN_PREDICT,True,0.0,0.0,0.15,0.9
5,blur,MOTION_BLUR,MOTION_BLUR,0.8,TEMPORAL_HOLD,True,0.0,0.0,0.55,0.9
5,flow_drift,FLOW_DRIFT,FLOW_DRIFT,0.75,REDETECT_FEATURES,True,4.0,0.0,0.55,0.9
5,camera_motion,CAMERA_MOTION,CAMERA_MOTION,0.95,REFERENCE_MOTION_COMPENSATION,True,3.0,0.0,0.55,0.9
5,extrinsic_drift,EXTRINSIC_DRIFT,EXTRINSIC_DRIFT,0.9,QUICK_EXTRINSIC_UPDATE,True,2.0,0.0,0.55,0.9
5,tracking_loss,TRACKING_LOSS,TRACKING_LOSS,0.95,GLOBAL_REINITIALIZE,True,1.0,0.0,0.15,0.9
6,clean,NORMAL,NORMAL,0.05,NONE,True,0.0,0.0,0.9,0.9
6,stereo_mismatch,STEREO_MISMATCH,STEREO_MISMATCH,0.9,LOCAL_REMATCH,True,5.0,0.0,0.55,0.9
6,occlusion,OCCLUSION,OCCLUSION,0.65,KALMAN_PREDICT,True,0.0,0.0,0.15,0.9
6,blur,MOTION_BLUR,MOTION_BLUR,0.8,TEMPORAL_HOLD,True,0.0,0.0,0.55,0.9
6,flow_drift,FLOW_DRIFT,FLOW_DRIFT,0.75,REDETECT_FEATURES,True,4.0,0.0,0.55,0.9
6,camera_motion,CAMERA_MOTION,CAMERA_MOTION,0.95,REFERENCE_MOTION_COMPENSATION,True,3.0,0.0,0.55,0.9
6,extrinsic_drift,EXTRINSIC_DRIFT,EXTRINSIC_DRIFT,0.9,QUICK_EXTRINSIC_UPDATE,True,2.0,0.0,0.55,0.9
6,tracking_loss,TRACKING_LOSS,TRACKING_LOSS,0.95,GLOBAL_REINITIALIZE,True,1.0,0.0,0.15,0.9
7,clean,NORMAL,NORMAL,0.05,NONE,True,0.0,0.0,0.9,0.9
7,stereo_mismatch,STEREO_MISMATCH,STEREO_MISMATCH,0.9,LOCAL_REMATCH,True,5.0,0.0,0.55,0.9
7,occlusion,OCCLUSION,OCCLUSION,0.65,KALMAN_PREDICT,True,0.0,0.0,0.15,0.9
7,blur,MOTION_BLUR,MOTION_BLUR,0.8,TEMPORAL_HOLD,True,0.0,0.0,0.55,0.9
7,flow_drift,FLOW_DRIFT,FLOW_DRIFT,0.75,REDETECT_FEATURES,True,4.0,0.0,0.55,0.9
7,camera_motion,CAMERA_MOTION,CAMERA_MOTION,0.95,REFERENCE_MOTION_COMPENSATION,True,3.0,0.0,0.55,0.9
7,extrinsic_drift,EXTRINSIC_DRIFT,EXTRINSIC_DRIFT,0.9,QUICK_EXTRINSIC_UPDATE,True,2.0,0.0,0.55,0.9
7,tracking_loss,TRACKING_LOSS,TRACKING_LOSS,0.95,GLOBAL_REINITIALIZE,True,1.0,0.0,0.15,0.9
8,clean,NORMAL,NORMAL,0.05,NONE,True,0.0,0.0,0.9,0.9
8,stereo_mismatch,STEREO_MISMATCH,STEREO_MISMATCH,0.9,LOCAL_REMATCH,True,5.0,0.0,0.55,0.9
8,occlusion,OCCLUSION,OCCLUSION,0.65,KALMAN_PREDICT,True,0.0,0.0,0.15,0.9
8,blur,MOTION_BLUR,MOTION_BLUR,0.8,TEMPORAL_HOLD,True,0.0,0.0,0.55,0.9
8,flow_drift,FLOW_DRIFT,FLOW_DRIFT,0.75,REDETECT_FEATURES,True,4.0,0.0,0.55,0.9
8,camera_motion,CAMERA_MOTION,CAMERA_MOTION,0.95,REFERENCE_MOTION_COMPENSATION,True,3.0,0.0,0.55,0.9
8,extrinsic_drift,EXTRINSIC_DRIFT,EXTRINSIC_DRIFT,0.9,QUICK_EXTRINSIC_UPDATE,True,2.0,0.0,0.55,0.9
8,tracking_loss,TRACKING_LOSS,TRACKING_LOSS,0.95,GLOBAL_REINITIALIZE,True,1.0,0.0,0.15,0.9
9,clean,NORMAL,NORMAL,0.05,NONE,True,0.0,0.0,0.9,0.9
9,stereo_mismatch,STEREO_MISMATCH,STEREO_MISMATCH,0.9,LOCAL_REMATCH,True,5.0,0.0,0.55,0.9
9,occlusion,OCCLUSION,OCCLUSION,0.65,KALMAN_PREDICT,True,0.0,0.0,0.15,0.9
9,blur,MOTION_BLUR,MOTION_BLUR,0.8,TEMPORAL_HOLD,True,0.0,0.0,0.55,0.9
9,flow_drift,FLOW_DRIFT,FLOW_DRIFT,0.75,REDETECT_FEATURES,True,4.0,0.0,0.55,0.9
9,camera_motion,CAMERA_MOTION,CAMERA_MOTION,0.95,REFERENCE_MOTION_COMPENSATION,True,3.0,0.0,0.55,0.9
9,extrinsic_drift,EXTRINSIC_DRIFT,EXTRINSIC_DRIFT,0.9,QUICK_EXTRINSIC_UPDATE,True,2.0,0.0,0.55,0.9
9,tracking_loss,TRACKING_LOSS,TRACKING_LOSS,0.95,GLOBAL_REINITIALIZE,True,1.0,0.0,0.15,0.9
10,clean,NORMAL,NORMAL,0.05,NONE,True,0.0,0.0,0.9,0.9
10,stereo_mismatch,STEREO_MISMATCH,STEREO_MISMATCH,0.9,LOCAL_REMATCH,True,5.0,0.0,0.55,0.9
10,occlusion,OCCLUSION,OCCLUSION,0.65,KALMAN_PREDICT,True,0.0,0.0,0.15,0.9
10,blur,MOTION_BLUR,MOTION_BLUR,0.8,TEMPORAL_HOLD,True,0.0,0.0,0.55,0.9
10,flow_drift,FLOW_DRIFT,FLOW_DRIFT,0.75,REDETECT_FEATURES,True,4.0,0.0,0.55,0.9
10,camera_motion,CAMERA_MOTION,CAMERA_MOTION,0.95,REFERENCE_MOTION_COMPENSATION,True,3.0,0.0,0.55,0.9
10,extrinsic_drift,EXTRINSIC_DRIFT,EXTRINSIC_DRIFT,0.9,QUICK_EXTRINSIC_UPDATE,True,2.0,0.0,0.55,0.9
10,tracking_loss,TRACKING_LOSS,TRACKING_LOSS,0.95,GLOBAL_REINITIALIZE,True,1.0,0.0,0.15,0.9
11,clean,NORMAL,NORMAL,0.05,NONE,True,0.0,0.0,0.9,0.9
11,stereo_mismatch,STEREO_MISMATCH,STEREO_MISMATCH,0.9,LOCAL_REMATCH,True,5.0,0.0,0.55,0.9
11,occlusion,OCCLUSION,OCCLUSION,0.65,KALMAN_PREDICT,True,0.0,0.0,0.15,0.9
11,blur,MOTION_BLUR,MOTION_BLUR,0.8,TEMPORAL_HOLD,True,0.0,0.0,0.55,0.9
11,flow_drift,FLOW_DRIFT,FLOW_DRIFT,0.75,REDETECT_FEATURES,True,4.0,0.0,0.55,0.9
11,camera_motion,CAMERA_MOTION,CAMERA_MOTION,0.95,REFERENCE_MOTION_COMPENSATION,True,3.0,0.0,0.55,0.9
11,extrinsic_drift,EXTRINSIC_DRIFT,EXTRINSIC_DRIFT,0.9,QUICK_EXTRINSIC_UPDATE,True,2.0,0.0,0.55,0.9
11,tracking_loss,TRACKING_LOSS,TRACKING_LOSS,0.95,GLOBAL_REINITIALIZE,True,1.0,0.0,0.15,0.9
12,clean,NORMAL,NORMAL,0.05,NONE,True,0.0,0.0,0.9,0.9
12,stereo_mismatch,STEREO_MISMATCH,STEREO_MISMATCH,0.9,LOCAL_REMATCH,True,5.0,0.0,0.55,0.9
12,occlusion,OCCLUSION,OCCLUSION,0.65,KALMAN_PREDICT,True,0.0,0.0,0.15,0.9
12,blur,MOTION_BLUR,MOTION_BLUR,0.8,TEMPORAL_HOLD,True,0.0,0.0,0.55,0.9
12,flow_drift,FLOW_DRIFT,FLOW_DRIFT,0.75,REDETECT_FEATURES,True,4.0,0.0,0.55,0.9
12,camera_motion,CAMERA_MOTION,CAMERA_MOTION,0.95,REFERENCE_MOTION_COMPENSATION,True,3.0,0.0,0.55,0.9
12,extrinsic_drift,EXTRINSIC_DRIFT,EXTRINSIC_DRIFT,0.9,QUICK_EXTRINSIC_UPDATE,True,2.0,0.0,0.55,0.9
12,tracking_loss,TRACKING_LOSS,TRACKING_LOSS,0.95,GLOBAL_REINITIALIZE,True,1.0,0.0,0.15,0.9
13,clean,NORMAL,NORMAL,0.05,NONE,True,0.0,0.0,0.9,0.9
13,stereo_mismatch,STEREO_MISMATCH,STEREO_MISMATCH,0.9,LOCAL_REMATCH,True,5.0,0.0,0.55,0.9
13,occlusion,OCCLUSION,OCCLUSION,0.65,KALMAN_PREDICT,True,0.0,0.0,0.15,0.9
13,blur,MOTION_BLUR,MOTION_BLUR,0.8,TEMPORAL_HOLD,True,0.0,0.0,0.55,0.9
13,flow_drift,FLOW_DRIFT,FLOW_DRIFT,0.75,REDETECT_FEATURES,True,4.0,0.0,0.55,0.9
13,camera_motion,CAMERA_MOTION,CAMERA_MOTION,0.95,REFERENCE_MOTION_COMPENSATION,True,3.0,0.0,0.55,0.9
13,extrinsic_drift,EXTRINSIC_DRIFT,EXTRINSIC_DRIFT,0.9,QUICK_EXTRINSIC_UPDATE,True,2.0,0.0,0.55,0.9
13,tracking_loss,TRACKING_LOSS,TRACKING_LOSS,0.95,GLOBAL_REINITIALIZE,True,1.0,0.0,0.15,0.9
14,clean,NORMAL,NORMAL,0.05,NONE,True,0.0,0.0,0.9,0.9
14,stereo_mismatch,STEREO_MISMATCH,STEREO_MISMATCH,0.9,LOCAL_REMATCH,True,5.0,0.0,0.55,0.9
14,occlusion,OCCLUSION,OCCLUSION,0.65,KALMAN_PREDICT,True,0.0,0.0,0.15,0.9
14,blur,MOTION_BLUR,MOTION_BLUR,0.8,TEMPORAL_HOLD,True,0.0,0.0,0.55,0.9
14,flow_drift,FLOW_DRIFT,FLOW_DRIFT,0.75,REDETECT_FEATURES,True,4.0,0.0,0.55,0.9
14,camera_motion,CAMERA_MOTION,CAMERA_MOTION,0.95,REFERENCE_MOTION_COMPENSATION,True,3.0,0.0,0.55,0.9
14,extrinsic_drift,EXTRINSIC_DRIFT,EXTRINSIC_DRIFT,0.9,QUICK_EXTRINSIC_UPDATE,True,2.0,0.0,0.55,0.9
14,tracking_loss,TRACKING_LOSS,TRACKING_LOSS,0.95,GLOBAL_REINITIALIZE,True,1.0,0.0,0.15,0.9
15,clean,NORMAL,NORMAL,0.05,NONE,True,0.0,0.0,0.9,0.9
15,stereo_mismatch,STEREO_MISMATCH,STEREO_MISMATCH,0.9,LOCAL_REMATCH,True,5.0,0.0,0.55,0.9
15,occlusion,OCCLUSION,OCCLUSION,0.65,KALMAN_PREDICT,True,0.0,0.0,0.15,0.9
15,blur,MOTION_BLUR,MOTION_BLUR,0.8,TEMPORAL_HOLD,True,0.0,0.0,0.55,0.9
15,flow_drift,FLOW_DRIFT,FLOW_DRIFT,0.75,REDETECT_FEATURES,True,4.0,0.0,0.55,0.9
15,camera_motion,CAMERA_MOTION,CAMERA_MOTION,0.95,REFERENCE_MOTION_COMPENSATION,True,3.0,0.0,0.55,0.9
15,extrinsic_drift,EXTRINSIC_DRIFT,EXTRINSIC_DRIFT,0.9,QUICK_EXTRINSIC_UPDATE,True,2.0,0.0,0.55,0.9
15,tracking_loss,TRACKING_LOSS,TRACKING_LOSS,0.95,GLOBAL_REINITIALIZE,True,1.0,0.0,0.15,0.9
16,clean,NORMAL,NORMAL,0.05,NONE,True,0.0,0.0,0.9,0.9
16,stereo_mismatch,STEREO_MISMATCH,STEREO_MISMATCH,0.9,LOCAL_REMATCH,True,5.0,0.0,0.55,0.9
16,occlusion,OCCLUSION,OCCLUSION,0.65,KALMAN_PREDICT,True,0.0,0.0,0.15,0.9
16,blur,MOTION_BLUR,MOTION_BLUR,0.8,TEMPORAL_HOLD,True,0.0,0.0,0.55,0.9
16,flow_drift,FLOW_DRIFT,FLOW_DRIFT,0.75,REDETECT_FEATURES,True,4.0,0.0,0.55,0.9
16,camera_motion,CAMERA_MOTION,CAMERA_MOTION,0.95,REFERENCE_MOTION_COMPENSATION,True,3.0,0.0,0.55,0.9
16,extrinsic_drift,EXTRINSIC_DRIFT,EXTRINSIC_DRIFT,0.9,QUICK_EXTRINSIC_UPDATE,True,2.0,0.0,0.55,0.9
16,tracking_loss,TRACKING_LOSS,TRACKING_LOSS,0.95,GLOBAL_REINITIALIZE,True,1.0,0.0,0.15,0.9
17,clean,NORMAL,NORMAL,0.05,NONE,True,0.0,0.0,0.9,0.9
17,stereo_mismatch,STEREO_MISMATCH,STEREO_MISMATCH,0.9,LOCAL_REMATCH,True,5.0,0.0,0.55,0.9
17,occlusion,OCCLUSION,OCCLUSION,0.65,KALMAN_PREDICT,True,0.0,0.0,0.15,0.9
17,blur,MOTION_BLUR,MOTION_BLUR,0.8,TEMPORAL_HOLD,True,0.0,0.0,0.55,0.9
17,flow_drift,FLOW_DRIFT,FLOW_DRIFT,0.75,REDETECT_FEATURES,True,4.0,0.0,0.55,0.9
17,camera_motion,CAMERA_MOTION,CAMERA_MOTION,0.95,REFERENCE_MOTION_COMPENSATION,True,3.0,0.0,0.55,0.9
17,extrinsic_drift,EXTRINSIC_DRIFT,EXTRINSIC_DRIFT,0.9,QUICK_EXTRINSIC_UPDATE,True,2.0,0.0,0.55,0.9
17,tracking_loss,TRACKING_LOSS,TRACKING_LOSS,0.95,GLOBAL_REINITIALIZE,True,1.0,0.0,0.15,0.9
18,clean,NORMAL,NORMAL,0.05,NONE,True,0.0,0.0,0.9,0.9
18,stereo_mismatch,STEREO_MISMATCH,STEREO_MISMATCH,0.9,LOCAL_REMATCH,True,5.0,0.0,0.55,0.9
18,occlusion,OCCLUSION,OCCLUSION,0.65,KALMAN_PREDICT,True,0.0,0.0,0.15,0.9
18,blur,MOTION_BLUR,MOTION_BLUR,0.8,TEMPORAL_HOLD,True,0.0,0.0,0.55,0.9
18,flow_drift,FLOW_DRIFT,FLOW_DRIFT,0.75,REDETECT_FEATURES,True,4.0,0.0,0.55,0.9
18,camera_motion,CAMERA_MOTION,CAMERA_MOTION,0.95,REFERENCE_MOTION_COMPENSATION,True,3.0,0.0,0.55,0.9
18,extrinsic_drift,EXTRINSIC_DRIFT,EXTRINSIC_DRIFT,0.9,QUICK_EXTRINSIC_UPDATE,True,2.0,0.0,0.55,0.9
18,tracking_loss,TRACKING_LOSS,TRACKING_LOSS,0.95,GLOBAL_REINITIALIZE,True,1.0,0.0,0.15,0.9
19,clean,NORMAL,NORMAL,0.05,NONE,True,0.0,0.0,0.9,0.9
19,stereo_mismatch,STEREO_MISMATCH,STEREO_MISMATCH,0.9,LOCAL_REMATCH,True,5.0,0.0,0.55,0.9
19,occlusion,OCCLUSION,OCCLUSION,0.65,KALMAN_PREDICT,True,0.0,0.0,0.15,0.9
19,blur,MOTION_BLUR,MOTION_BLUR,0.8,TEMPORAL_HOLD,True,0.0,0.0,0.55,0.9
19,flow_drift,FLOW_DRIFT,FLOW_DRIFT,0.75,REDETECT_FEATURES,True,4.0,0.0,0.55,0.9
19,camera_motion,CAMERA_MOTION,CAMERA_MOTION,0.95,REFERENCE_MOTION_COMPENSATION,True,3.0,0.0,0.55,0.9
19,extrinsic_drift,EXTRINSIC_DRIFT,EXTRINSIC_DRIFT,0.9,QUICK_EXTRINSIC_UPDATE,True,2.0,0.0,0.55,0.9
19,tracking_loss,TRACKING_LOSS,TRACKING_LOSS,0.95,GLOBAL_REINITIALIZE,True,1.0,0.0,0.15,0.9
