baseline_mm,distance_mm,disparity_noise_px,true_disparity_px,depth_rmse_mm,depth_bias_mm,theoretical_depth_sigma_mm
60.0,1000.0,0.02,48.0,0.39340457603106144,0.030271243928316267,0.41666666666666663
60.0,2000.0,0.02,24.0,1.7084274301510303,0.01417198905933128,1.6666666666666665
60.0,3000.0,0.02,16.0,3.780562883917018,0.05704269824832272,3.75
60.0,4000.0,0.02,12.0,6.581165420369306,-0.14545924973380353,6.666666666666666
60.0,5000.0,0.02,9.6,10.451824499271176,0.2835337502558277,10.416666666666668
100.0,1000.0,0.02,80.0,0.25128969131315537,-0.0024927434009898663,0.25
100.0,2000.0,0.02,40.0,0.9717819591799488,0.03802557206586357,1.0
100.0,3000.0,0.02,26.666666666666668,2.141109507008962,0.05866321927685658,2.25
100.0,4000.0,0.02,20.0,4.043596196631228,0.07015223799813065,4.0
100.0,5000.0,0.02,16.0,6.4527495463485405,-0.2515960245577562,6.25
140.0,1000.0,0.02,112.0,0.17922008780216794,-0.00599889501649011,0.17857142857142858
140.0,2000.0,0.02,56.0,0.7330661428087433,0.03498505615281374,0.7142857142857143
140.0,3000.0,0.02,37.333333333333336,1.6168900887093274,-0.05337981491354458,1.6071428571428572
140.0,4000.0,0.02,28.0,2.728739127088295,0.024717192662144952,2.857142857142857
140.0,5000.0,0.02,22.4,4.402557663610912,0.03976127719620672,4.464285714285714
180.0,1000.0,0.02,144.0,0.1406849121532508,-0.0028757688051327932,0.1388888888888889
180.0,2000.0,0.02,72.0,0.5368480761225964,-0.019444333821330248,0.5555555555555556
180.0,3000.0,0.02,48.0,1.2382250931342274,0.051675758800382485,1.25
180.0,4000.0,0.02,36.0,2.133353777211635,0.016613472622519113,2.2222222222222223
180.0,5000.0,0.02,28.8,3.4585696281959684,0.06063980932028426,3.4722222222222223
220.0,1000.0,0.02,176.0,0.1122877215800894,0.0001772119161032606,0.11363636363636363
220.0,2000.0,0.02,88.0,0.44280605816480756,0.004519311915642674,0.45454545454545453
220.0,3000.0,0.02,58.666666666666664,1.0196614603144412,0.028253946234518025,1.0227272727272727
220.0,4000.0,0.02,44.0,1.8890683864596438,-0.025682636151632778,1.8181818181818181
220.0,5000.0,0.02,35.2,2.7595811409279682,0.05733819907631733,2.840909090909091
260.0,1000.0,0.02,208.0,0.09438929821504492,-0.0001024877807883513,0.09615384615384615
260.0,2000.0,0.02,104.0,0.39680730404800174,-0.008843203243007792,0.3846153846153846
260.0,3000.0,0.02,69.33333333333333,0.8847091450140327,-0.029357464121418615,0.8653846153846153
260.0,4000.0,0.02,52.0,1.489034200581317,0.05656275663537826,1.5384615384615383
260.0,5000.0,0.02,41.6,2.432868583414731,-0.1404707906162139,2.4038461538461537
300.0,1000.0,0.02,240.0,0.08628426619514501,0.0043361545737611775,0.08333333333333334
300.0,2000.0,0.02,120.0,0.33047068303770205,0.019464489602728462,0.33333333333333337
300.0,3000.0,0.02,80.0,0.7608812942439876,0.0025770796958445316,0.75
300.0,4000.0,0.02,60.0,1.3164612948006418,0.013621368711605556,1.3333333333333335
300.0,5000.0,0.02,48.0,2.0764478316257313,0.08919072813084312,2.0833333333333335
60.0,1000.0,0.05,48.0,1.0420272974321028,0.023194568857426476,1.0416666666666667
60.0,2000.0,0.05,24.0,4.181614194152945,0.0366170318192751,4.166666666666667
60.0,3000.0,0.05,16.0,9.39539201002964,0.1114269708435736,9.375
60.0,4000.0,0.05,12.0,16.570524377947976,-0.24016518590056693,16.666666666666668
60.0,5000.0,0.05,9.6,25.176827859648732,1.1925876681017407,26.04166666666667
100.0,1000.0,0.05,80.0,0.602534770653516,0.006284595275385527,0.625
100.0,2000.0,0.05,40.0,2.518803854463926,-0.022414059035516628,2.5
100.0,3000.0,0.05,26.666666666666668,5.973565203284681,0.20187517732736524,5.625
100.0,4000.0,0.05,20.0,10.020179032123036,0.10149636829182054,10.0
100.0,5000.0,0.05,16.0,15.315808175919413,0.3219260664148778,15.625
140.0,1000.0,0.05,112.0,0.45306644008935965,-0.00875838475632554,0.44642857142857145
140.0,2000.0,0.05,56.0,1.7459040680130238,-0.04046575731415919,1.7857142857142858
140.0,3000.0,0.05,37.333333333333336,3.9626436443578377,-0.21485206212875801,4.017857142857143
140.0,4000.0,0.05,28.0,7.132159802325876,-0.14722237725220247,7.142857142857143
140.0,5000.0,0.05,22.4,11.27817049903359,0.24823573084592682,11.160714285714286
180.0,1000.0,0.05,144.0,0.3458637605439259,-0.0064165292939783285,0.34722222222222227
180.0,2000.0,0.05,72.0,1.3810029762964402,-0.033963050046643274,1.388888888888889
180.0,3000.0,0.05,48.0,3.0791537394523334,-0.0685308090958988,3.125
180.0,4000.0,0.05,36.0,5.737813727112278,0.008497427959342531,5.555555555555556
180.0,5000.0,0.05,28.8,8.754577003209793,-0.17500488927777677,8.680555555555555
220.0,1000.0,0.05,176.0,0.29231525192702507,0.006818005666405156,0.2840909090909091
220.0,2000.0,0.05,88.0,1.1335097156250342,-3.4819631247501095e-05,1.1363636363636365
220.0,3000.0,0.05,58.666666666666664,2.5509034290985872,0.02140117356452538,2.5568181818181817
220.0,4000.0,0.05,44.0,4.511355499022763,-0.03157042946447473,4.545454545454546
220.0,5000.0,0.05,35.2,6.783927544499786,0.4562290228159127,7.102272727272727
260.0,1000.0,0.05,208.0,0.24526389693540196,-0.002302717460695703,0.2403846153846154
260.0,2000.0,0.05,104.0,0.9644573873273692,-0.034317400870380876,0.9615384615384616
260.0,3000.0,0.05,69.33333333333333,2.2409860621840227,-0.014574418193311886,2.1634615384615383
260.0,4000.0,0.05,52.0,3.8334249295585314,-0.008697062183473008,3.8461538461538463
260.0,5000.0,0.05,41.6,6.300788444573889,-0.2746330155512105,6.009615384615385
300.0,1000.0,0.05,240.0,0.2073836429017912,-0.007553487818136659,0.20833333333333337
300.0,2000.0,0.05,120.0,0.8627338063281478,-0.03617618554156843,0.8333333333333335
300.0,3000.0,0.05,80.0,1.8306117949010745,0.05047664957982079,1.875
300.0,4000.0,0.05,60.0,3.270625097359555,0.014732602316657904,3.333333333333334
300.0,5000.0,0.05,48.0,5.266995368555295,-0.13820417254741824,5.208333333333334
60.0,1000.0,0.1,48.0,2.075943057807726,-0.08586484103966394,2.0833333333333335
60.0,2000.0,0.1,24.0,8.16491838589999,0.28049500534843264,8.333333333333334
60.0,3000.0,0.1,16.0,19.03827102694773,0.004621379908909148,18.75
60.0,4000.0,0.1,12.0,32.80756218401924,-0.4355520338403603,33.333333333333336
60.0,5000.0,0.1,9.6,53.95505294414515,1.1893271559948926,52.08333333333334
100.0,1000.0,0.1,80.0,1.2919756390056547,-0.034331433279716404,1.25
100.0,2000.0,0.1,40.0,5.081960497944332,0.09740380711673538,5.0
100.0,3000.0,0.1,26.666666666666668,10.9258827400018,-0.18046304334141497,11.25
100.0,4000.0,0.1,20.0,19.61064565173773,1.2887866843405114,20.0
100.0,5000.0,0.1,16.0,31.151873885131415,1.0063537225170913,31.25
140.0,1000.0,0.1,112.0,0.9350353566845259,0.013967696713614829,0.8928571428571429
140.0,2000.0,0.1,56.0,3.5122502260683,-0.2679352298215758,3.5714285714285716
140.0,3000.0,0.1,37.333333333333336,8.0406593517356,0.013874589922782888,8.035714285714286
140.0,4000.0,0.1,28.0,14.175568185151922,0.364058906033245,14.285714285714286
140.0,5000.0,0.1,22.4,22.312909435084322,-0.11799937790362947,22.321428571428573
180.0,1000.0,0.1,144.0,0.701097458025305,0.012092295189754736,0.6944444444444445
180.0,2000.0,0.1,72.0,2.673541848849616,0.17409655943695748,2.777777777777778
180.0,3000.0,0.1,48.0,6.434436499580864,-0.25372538842922815,6.25
180.0,4000.0,0.1,36.0,11.09707728568777,0.42436227682642447,11.111111111111112
180.0,5000.0,0.1,28.8,16.68583667341759,0.378871954367969,17.36111111111111
220.0,1000.0,0.1,176.0,0.5683853083548253,-0.0018896529365952119,0.5681818181818182
220.0,2000.0,0.1,88.0,2.278357441878086,0.07125457998600541,2.272727272727273
220.0,3000.0,0.1,58.666666666666664,4.910431824671063,-0.16465012523968517,5.113636363636363
220.0,4000.0,0.1,44.0,9.053239050368918,-0.552359873307842,9.090909090909092
220.0,5000.0,0.1,35.2,13.783183345302142,0.1260882708171648,14.204545454545453
260.0,1000.0,0.1,208.0,0.4817922055608388,0.018309019124569774,0.4807692307692308
260.0,2000.0,0.1,104.0,1.8588614917224708,0.059372852722525064,1.9230769230769231
260.0,3000.0,0.1,69.33333333333333,4.2898885443498616,0.183672979512437,4.326923076923077
260.0,4000.0,0.1,52.0,7.7859885700281195,0.07127087989707798,7.6923076923076925
260.0,5000.0,0.1,41.6,11.942338886358002,-0.8220480939839127,12.01923076923077
300.0,1000.0,0.1,240.0,0.4200470989656462,0.0015856074326566158,0.41666666666666674
300.0,2000.0,0.1,120.0,1.624263321044456,-0.01628570498929594,1.666666666666667
300.0,3000.0,0.1,80.0,3.774279360610256,-0.05306716471456684,3.75
300.0,4000.0,0.1,60.0,6.494504137015053,-0.07807933550653798,6.666666666666668
300.0,5000.0,0.1,48.0,10.446723809759353,0.026390648777195564,10.416666666666668
60.0,1000.0,0.2,48.0,4.268470914142345,0.06569109788636308,4.166666666666667
60.0,2000.0,0.2,24.0,16.77589858817212,0.7324567140035997,16.666666666666668
60.0,3000.0,0.2,16.0,37.35773256188571,-0.6643686548364786,37.5
60.0,4000.0,0.2,12.0,63.8197550505206,-0.3140023666620295,66.66666666666667
60.0,5000.0,0.2,9.6,103.5163232733211,1.567186828570466,104.16666666666669
100.0,1000.0,0.2,80.0,2.583487432274132,0.13534363074882014,2.5
100.0,2000.0,0.2,40.0,10.069133385205129,0.004294681852173881,10.0
100.0,3000.0,0.2,26.666666666666668,22.9799299412409,0.913402235487245,22.5
100.0,4000.0,0.2,20.0,39.351563982830655,2.9528220937673546,40.0
100.0,5000.0,0.2,16.0,62.99839510336073,-1.233412092759152,62.5
140.0,1000.0,0.2,112.0,1.7979061010998287,0.015416581785145923,1.7857142857142858
140.0,2000.0,0.2,56.0,7.055061477196793,-0.17102398256838364,7.142857142857143
140.0,3000.0,0.2,37.333333333333336,15.865330854174173,0.12675423375595574,16.071428571428573
140.0,4000.0,0.2,28.0,28.002747707767448,-1.6783555586533299,28.571428571428573
140.0,5000.0,0.2,22.4,44.45576546157241,-1.5655016093576342,44.642857142857146
180.0,1000.0,0.2,144.0,1.4173899008490338,0.02023756182100658,1.388888888888889
180.0,2000.0,0.2,72.0,5.712364447071428,-0.054649450743442914,5.555555555555556
180.0,3000.0,0.2,48.0,12.962729959522322,0.17230511445085586,12.5
180.0,4000.0,0.2,36.0,22.624845744532013,0.09024338721608728,22.222222222222225
180.0,5000.0,0.2,28.8,34.92014167999943,-0.866800862833361,34.72222222222222
220.0,1000.0,0.2,176.0,1.1438778243007661,-0.05511726432297326,1.1363636363636365
220.0,2000.0,0.2,88.0,4.556513049321977,0.11915375619795554,4.545454545454546
220.0,3000.0,0.2,58.666666666666664,10.167973438478622,0.32431915518178994,10.227272727272727
220.0,4000.0,0.2,44.0,17.956359460443927,-0.09324212214239742,18.181818181818183
220.0,5000.0,0.2,35.2,28.489060304113874,-0.5314234290129635,28.409090909090907
260.0,1000.0,0.2,208.0,0.942912140791278,-0.006410284952761458,0.9615384615384616
260.0,2000.0,0.2,104.0,3.72418951082226,-0.0011269173686239355,3.8461538461538463
260.0,3000.0,0.2,69.33333333333333,8.63012102027884,-0.1767240185317369,8.653846153846153
260.0,4000.0,0.2,52.0,15.340931873976034,0.43982441102701025,15.384615384615385
260.0,5000.0,0.2,41.6,24.632267045894725,-0.9513486183086279,24.03846153846154
300.0,1000.0,0.2,240.0,0.8351733727507389,-0.01429743788532926,0.8333333333333335
300.0,2000.0,0.2,120.0,3.446436296736585,0.0294039864282297,3.333333333333334
300.0,3000.0,0.2,80.0,7.70860065802445,0.18030235511571527,7.5
300.0,4000.0,0.2,60.0,12.974253838049412,0.7709483705846656,13.333333333333336
300.0,5000.0,0.2,48.0,20.732041966948344,-0.9705840722092944,20.833333333333336
