ablation_group,target_level,target_metric,target_sigma_z_mm,required_sigma_d_px,estimated_sigma_d_px,estimated_sigma_x_mm,estimated_sigma_y_mm,estimated_sigma_z_mm,vision_state,search_radius_px,refinement_level,precision_retry_count,precision_status,runtime_ms,valid_measurement_rate,estimated_target_attainment_rate,gt_depth_rmse_mm,gt_depth_mae_mm,gt_target_attainment_rate
A0_FIXED,LOOSE,sigma,10.0,,0.05,,,5.62623122141227,HIGH,8,0,0,LEGACY_DISABLED,0.0024999899324029684,1.0,,5.708125276128653,4.540598338802488,0.922
A0_FIXED,MEDIUM,sigma,3.0,,0.05,,,5.62623122141227,HIGH,8,0,0,LEGACY_DISABLED,0.002200016751885414,1.0,,5.708125276128653,4.540598338802488,0.416
A0_FIXED,STRICT,sigma,2.5,,0.05,,,5.62623122141227,HIGH,8,0,0,LEGACY_DISABLED,0.001100008375942707,1.0,,5.708125276128653,4.540598338802488,0.358
A0_FIXED,INFEASIBLE,sigma,0.1,,0.05,,,5.62623122141227,HIGH,8,0,0,LEGACY_DISABLED,0.000400003045797348,1.0,,5.708125276128653,4.540598338802488,0.01
A1_VISION_ONLY,LOOSE,sigma,10.0,,0.05,,,5.62623122141227,LOW,16,0,0,LEGACY_DISABLED,0.00100000761449337,1.0,,5.708125276128653,4.540598338802488,0.922
A1_VISION_ONLY,MEDIUM,sigma,3.0,,0.05,,,5.62623122141227,LOW,16,0,0,LEGACY_DISABLED,0.000700005330145359,1.0,,5.708125276128653,4.540598338802488,0.416
A1_VISION_ONLY,STRICT,sigma,2.5,,0.05,,,5.62623122141227,LOW,16,0,0,LEGACY_DISABLED,0.000400003045797348,1.0,,5.708125276128653,4.540598338802488,0.358
A1_VISION_ONLY,INFEASIBLE,sigma,0.1,,0.05,,,5.62623122141227,LOW,16,0,0,LEGACY_DISABLED,0.0003999739419668913,1.0,,5.708125276128653,4.540598338802488,0.01
A2_ACCURACY_ONLY,LOOSE,sigma,10.0,0.08886943680826763,0.05,,,5.62623122141227,HIGH,8,0,0,MET,0.050000002374872565,1.0,1.0,5.708125276128653,4.540598338802488,0.922
A2_ACCURACY_ONLY,MEDIUM,sigma,3.0,0.026660831042480286,0.05,,,5.62623122141227,HIGH,8,1,1,VALID_BUT_PRECISION_UNMET,0.03890000516548753,1.0,0.0,5.708125276128653,4.540598338802488,0.416
A2_ACCURACY_ONLY,STRICT,sigma,2.5,0.022217359202066907,0.05,,,5.62623122141227,HIGH,8,2,1,VALID_BUT_PRECISION_UNMET,0.024300010409206152,1.0,0.0,5.708125276128653,4.540598338802488,0.358
A2_ACCURACY_ONLY,INFEASIBLE,sigma,0.1,0.0008886943680826762,0.05,,,5.62623122141227,HIGH,8,2,0,INFEASIBLE,0.015700003132224083,1.0,0.0,5.708125276128653,4.540598338802488,0.01
A3_FULL,LOOSE,sigma,10.0,0.08886943680826763,0.05,,,5.62623122141227,MEDIUM,12,0,0,MET,0.015199999324977398,1.0,1.0,5.708125276128653,4.540598338802488,0.922
A3_FULL,MEDIUM,sigma,3.0,0.026660831042480286,0.05,,,5.62623122141227,MEDIUM,12,1,1,VALID_BUT_PRECISION_UNMET,0.0185999961104244,1.0,0.0,5.708125276128653,4.540598338802488,0.416
A3_FULL,STRICT,sigma,2.5,0.022217359202066907,0.05,,,5.62623122141227,MEDIUM,12,2,1,VALID_BUT_PRECISION_UNMET,0.01729998621158302,1.0,0.0,5.708125276128653,4.540598338802488,0.358
A3_FULL,INFEASIBLE,sigma,0.1,0.0008886943680826762,0.05,,,5.62623122141227,MEDIUM,12,2,0,INFEASIBLE,0.013200013199821115,1.0,0.0,5.708125276128653,4.540598338802488,0.01
